date,province,latitude,longitude,confirmed,deceased
20/01/2020,Seoul,37.5665,126.978,0,0
20/01/2020,Busan,35.1796,129.0756,0,0
20/01/2020,Daegu,35.8714,128.6014,0,0
20/01/2020,Incheon,37.4563,126.7052,1,0
20/01/2020,Gwangju,35.1595,126.8526,0,0
20/01/2020,Daejeon,36.3504,127.3845,0,0
20/01/2020,Ulsan,35.5384,129.3114,0,0
20/01/2020,Sejong,36.487,127.2822,0,0
20/01/2020,Gyeonggi-do,37.4138,127.5183,0,0
20/01/2020,Gangwon-do,37.8228,128.1555,0,0
20/01/2020,Chungcheongbuk-do,36.8,127.7,0,0
20/01/2020,Chungcheongnam-do,36.5623,126.9541,0,0
20/01/2020,Jeollabuk-do,35.7175,127.153,0,0
20/01/2020,Jellanam-do,34.8679,126.991,0,0
20/01/2020,Gyeongsangbuk-do,36.4919,128.8889,0,0
20/01/2020,Gyeongsangnam-do,35.4606,128.2132,0,0
20/01/2020,Jeju-do,33.489,126.4983,0,0
21/01/2020,Seoul,37.5665,126.978,0,0
21/01/2020,Busan,35.1796,129.0756,0,0
21/01/2020,Daegu,35.8714,128.6014,0,0
21/01/2020,Incheon,37.4563,126.7052,1,0
21/01/2020,Gwangju,35.1595,126.8526,0,0
21/01/2020,Daejeon,36.3504,127.3845,0,0
21/01/2020,Ulsan,35.5384,129.3114,0,0
21/01/2020,Sejong,36.487,127.2822,0,0
21/01/2020,Gyeonggi-do,37.4138,127.5183,0,0
21/01/2020,Gangwon-do,37.8228,128.1555,0,0
21/01/2020,Chungcheongbuk-do,36.8,127.7,0,0
21/01/2020,Chungcheongnam-do,36.5623,126.9541,0,0
21/01/2020,Jeollabuk-do,35.7175,127.153,0,0
21/01/2020,Jellanam-do,34.8679,126.991,0,0
21/01/2020,Gyeongsangbuk-do,36.4919,128.8889,0,0
21/01/2020,Gyeongsangnam-do,35.4606,128.2132,0,0
21/01/2020,Jeju-do,33.489,126.4983,0,0
22/01/2020,Seoul,37.5665,126.978,0,0
22/01/2020,Busan,35.1796,129.0756,0,0
22/01/2020,Daegu,35.8714,128.6014,0,0
22/01/2020,Incheon,37.4563,126.7052,1,0
22/01/2020,Gwangju,35.1595,126.8526,0,0
22/01/2020,Daejeon,36.3504,127.3845,0,0
22/01/2020,Ulsan,35.5384,129.3114,0,0
22/01/2020,Sejong,36.487,127.2822,0,0
22/01/2020,Gyeonggi-do,37.4138,127.5183,0,0
22/01/2020,Gangwon-do,37.8228,128.1555,0,0
22/01/2020,Chungcheongbuk-do,36.8,127.7,0,0
22/01/2020,Chungcheongnam-do,36.5623,126.9541,0,0
22/01/2020,Jeollabuk-do,35.7175,127.153,0,0
22/01/2020,Jellanam-do,34.8679,126.991,0,0
22/01/2020,Gyeongsangbuk-do,36.4919,128.8889,0,0
22/01/2020,Gyeongsangnam-do,35.4606,128.2132,0,0
22/01/2020,Jeju-do,33.489,126.4983,0,0
23/01/2020,Seoul,37.5665,126.978,0,0
23/01/2020,Busan,35.1796,129.0756,0,0
23/01/2020,Daegu,35.8714,128.6014,0,0
23/01/2020,Incheon,37.4563,126.7052,1,0
23/01/2020,Gwangju,35.1595,126.8526,0,0
23/01/2020,Daejeon,36.3504,127.3845,0,0
23/01/2020,Ulsan,35.5384,129.3114,0,0
23/01/2020,Sejong,36.487,127.2822,0,0
23/01/2020,Gyeonggi-do,37.4138,127.5183,0,0
23/01/2020,Gangwon-do,37.8228,128.1555,0,0
23/01/2020,Chungcheongbuk-do,36.8,127.7,0,0
23/01/2020,Chungcheongnam-do,36.5623,126.9541,0,0
23/01/2020,Jeollabuk-do,35.7175,127.153,0,0
23/01/2020,Jellanam-do,34.8679,126.991,0,0
23/01/2020,Gyeongsangbuk-do,36.4919,128.8889,0,0
23/01/2020,Gyeongsangnam-do,35.4606,128.2132,0,0
23/01/2020,Jeju-do,33.489,126.4983,0,0
24/01/2020,Seoul,37.5665,126.978,0,0
24/01/2020,Busan,35.1796,129.0756,0,0
24/01/2020,Daegu,35.8714,128.6014,0,0
24/01/2020,Incheon,37.4563,126.7052,1,0
24/01/2020,Gwangju,35.1595,126.8526,0,0
24/01/2020,Daejeon,36.3504,127.3845,0,0
24/01/2020,Ulsan,35.5384,129.3114,0,0
24/01/2020,Sejong,36.487,127.2822,0,0
24/01/2020,Gyeonggi-do,37.4138,127.5183,1,0
24/01/2020,Gangwon-do,37.8228,128.1555,0,0
24/01/2020,Chungcheongbuk-do,36.8,127.7,0,0
24/01/2020,Chungcheongnam-do,36.5623,126.9541,0,0
24/01/2020,Jeollabuk-do,35.7175,127.153,0,0
24/01/2020,Jellanam-do,34.8679,126.991,0,0
24/01/2020,Gyeongsangbuk-do,36.4919,128.8889,0,0
24/01/2020,Gyeongsangnam-do,35.4606,128.2132,0,0
24/01/2020,Jeju-do,33.489,126.4983,0,0
25/01/2020,Seoul,37.5665,126.978,0,0
25/01/2020,Busan,35.1796,129.0756,0,0
25/01/2020,Daegu,35.8714,128.6014,0,0
25/01/2020,Incheon,37.4563,126.7052,1,0
25/01/2020,Gwangju,35.1595,126.8526,0,0
25/01/2020,Daejeon,36.3504,127.3845,0,0
25/01/2020,Ulsan,35.5384,129.3114,0,0
25/01/2020,Sejong,36.487,127.2822,0,0
25/01/2020,Gyeonggi-do,37.4138,127.5183,1,0
25/01/2020,Gangwon-do,37.8228,128.1555,0,0
25/01/2020,Chungcheongbuk-do,36.8,127.7,0,0
25/01/2020,Chungcheongnam-do,36.5623,126.9541,0,0
25/01/2020,Jeollabuk-do,35.7175,127.153,0,0
25/01/2020,Jellanam-do,34.8679,126.991,0,0
25/01/2020,Gyeongsangbuk-do,36.4919,128.8889,0,0
25/01/2020,Gyeongsangnam-do,35.4606,128.2132,0,0
25/01/2020,Jeju-do,33.489,126.4983,0,0
26/01/2020,Seoul,37.5665,126.978,0,0
26/01/2020,Busan,35.1796,129.0756,0,0
26/01/2020,Daegu,35.8714,128.6014,0,0
26/01/2020,Incheon,37.4563,126.7052,1,0
26/01/2020,Gwangju,35.1595,126.8526,0,0
26/01/2020,Daejeon,36.3504,127.3845,0,0
26/01/2020,Ulsan,35.5384,129.3114,0,0
26/01/2020,Sejong,36.487,127.2822,0,0
26/01/2020,Gyeonggi-do,37.4138,127.5183,2,0
26/01/2020,Gangwon-do,37.8228,128.1555,0,0
26/01/2020,Chungcheongbuk-do,36.8,127.7,0,0
26/01/2020,Chungcheongnam-do,36.5623,126.9541,0,0
26/01/2020,Jeollabuk-do,35.7175,127.153,0,0
26/01/2020,Jellanam-do,34.8679,126.991,0,0
26/01/2020,Gyeongsangbuk-do,36.4919,128.8889,0,0
26/01/2020,Gyeongsangnam-do,35.4606,128.2132,0,0
26/01/2020,Jeju-do,33.489,126.4983,0,0
27/01/2020,Seoul,37.5665,126.978,1,0
27/01/2020,Busan,35.1796,129.0756,0,0
27/01/2020,Daegu,35.8714,128.6014,0,0
27/01/2020,Incheon,37.4563,126.7052,1,0
27/01/2020,Gwangju,35.1595,126.8526,0,0
27/01/2020,Daejeon,36.3504,127.3845,0,0
27/01/2020,Ulsan,35.5384,129.3114,0,0
27/01/2020,Sejong,36.487,127.2822,0,0
27/01/2020,Gyeonggi-do,37.4138,127.5183,2,0
27/01/2020,Gangwon-do,37.8228,128.1555,0,0
27/01/2020,Chungcheongbuk-do,36.8,127.7,0,0
27/01/2020,Chungcheongnam-do,36.5623,126.9541,0,0
27/01/2020,Jeollabuk-do,35.7175,127.153,0,0
27/01/2020,Jellanam-do,34.8679,126.991,0,0
27/01/2020,Gyeongsangbuk-do,36.4919,128.8889,0,0
27/01/2020,Gyeongsangnam-do,35.4606,128.2132,0,0
27/01/2020,Jeju-do,33.489,126.4983,0,0
28/01/2020,Seoul,37.5665,126.978,1,0
28/01/2020,Busan,35.1796,129.0756,0,0
28/01/2020,Daegu,35.8714,128.6014,0,0
28/01/2020,Incheon,37.4563,126.7052,1,0
28/01/2020,Gwangju,35.1595,126.8526,0,0
28/01/2020,Daejeon,36.3504,127.3845,0,0
28/01/2020,Ulsan,35.5384,129.3114,0,0
28/01/2020,Sejong,36.487,127.2822,0,0
28/01/2020,Gyeonggi-do,37.4138,127.5183,2,0
28/01/2020,Gangwon-do,37.8228,128.1555,0,0
28/01/2020,Chungcheongbuk-do,36.8,127.7,0,0
28/01/2020,Chungcheongnam-do,36.5623,126.9541,0,0
28/01/2020,Jeollabuk-do,35.7175,127.153,0,0
28/01/2020,Jellanam-do,34.8679,126.991,0,0
28/01/2020,Gyeongsangbuk-do,36.4919,128.8889,0,0
28/01/2020,Gyeongsangnam-do,35.4606,128.2132,0,0
28/01/2020,Jeju-do,33.489,126.4983,0,0
29/01/2020,Seoul,37.5665,126.978,1,0
29/01/2020,Busan,35.1796,129.0756,0,0
29/01/2020,Daegu,35.8714,128.6014,0,0
29/01/2020,Incheon,37.4563,126.7052,1,0
29/01/2020,Gwangju,35.1595,126.8526,0,0
29/01/2020,Daejeon,36.3504,127.3845,0,0
29/01/2020,Ulsan,35.5384,129.3114,0,0
29/01/2020,Sejong,36.487,127.2822,0,0
29/01/2020,Gyeonggi-do,37.4138,127.5183,2,0
29/01/2020,Gangwon-do,37.8228,128.1555,0,0
29/01/2020,Chungcheongbuk-do,36.8,127.7,0,0
29/01/2020,Chungcheongnam-do,36.5623,126.9541,0,0
29/01/2020,Jeollabuk-do,35.7175,127.153,0,0
29/01/2020,Jellanam-do,34.8679,126.991,0,0
29/01/2020,Gyeongsangbuk-do,36.4919,128.8889,0,0
29/01/2020,Gyeongsangnam-do,35.4606,128.2132,0,0
29/01/2020,Jeju-do,33.489,126.4983,0,0
30/01/2020,Seoul,37.5665,126.978,3,0
30/01/2020,Busan,35.1796,129.0756,0,0
30/01/2020,Daegu,35.8714,128.6014,0,0
30/01/2020,Incheon,37.4563,126.7052,1,0
30/01/2020,Gwangju,35.1595,126.8526,0,0
30/01/2020,Daejeon,36.3504,127.3845,0,0
30/01/2020,Ulsan,35.5384,129.3114,0,0
30/01/2020,Sejong,36.487,127.2822,0,0
30/01/2020,Gyeonggi-do,37.4138,127.5183,3,0
30/01/2020,Gangwon-do,37.8228,128.1555,0,0
30/01/2020,Chungcheongbuk-do,36.8,127.7,0,0
30/01/2020,Chungcheongnam-do,36.5623,126.9541,0,0
30/01/2020,Jeollabuk-do,35.7175,127.153,0,0
30/01/2020,Jellanam-do,34.8679,126.991,0,0
30/01/2020,Gyeongsangbuk-do,36.4919,128.8889,0,0
30/01/2020,Gyeongsangnam-do,35.4606,128.2132,0,0
30/01/2020,Jeju-do,33.489,126.4983,0,0
31/01/2020,Seoul,37.5665,126.978,4,0
31/01/2020,Busan,35.1796,129.0756,0,0
31/01/2020,Daegu,35.8714,128.6014,0,0
31/01/2020,Incheon,37.4563,126.7052,1,0
31/01/2020,Gwangju,35.1595,126.8526,0,0
31/01/2020,Daejeon,36.3504,127.3845,0,0
31/01/2020,Ulsan,35.5384,129.3114,0,0
31/01/2020,Sejong,36.487,127.2822,0,0
31/01/2020,Gyeonggi-do,37.4138,127.5183,5,0
31/01/2020,Gangwon-do,37.8228,128.1555,0,0
31/01/2020,Chungcheongbuk-do,36.8,127.7,0,0
31/01/2020,Chungcheongnam-do,36.5623,126.9541,0,0
31/01/2020,Jeollabuk-do,35.7175,127.153,1,0
31/01/2020,Jellanam-do,34.8679,126.991,0,0
31/01/2020,Gyeongsangbuk-do,36.4919,128.8889,0,0
31/01/2020,Gyeongsangnam-do,35.4606,128.2132,0,0
31/01/2020,Jeju-do,33.489,126.4983,0,0
1/02/2020,Seoul,37.5665,126.978,4,0
1/02/2020,Busan,35.1796,129.0756,0,0
1/02/2020,Daegu,35.8714,128.6014,0,0
1/02/2020,Incheon,37.4563,126.7052,1,0
1/02/2020,Gwangju,35.1595,126.8526,0,0
1/02/2020,Daejeon,36.3504,127.3845,0,0
1/02/2020,Ulsan,35.5384,129.3114,0,0
1/02/2020,Sejong,36.487,127.2822,0,0
1/02/2020,Gyeonggi-do,37.4138,127.5183,6,0
1/02/2020,Gangwon-do,37.8228,128.1555,0,0
1/02/2020,Chungcheongbuk-do,36.8,127.7,0,0
1/02/2020,Chungcheongnam-do,36.5623,126.9541,0,0
1/02/2020,Jeollabuk-do,35.7175,127.153,1,0
1/02/2020,Jellanam-do,34.8679,126.991,0,0
1/02/2020,Gyeongsangbuk-do,36.4919,128.8889,0,0
1/02/2020,Gyeongsangnam-do,35.4606,128.2132,0,0
1/02/2020,Jeju-do,33.489,126.4983,0,0
2/02/2020,Seoul,37.5665,126.978,5,0
2/02/2020,Busan,35.1796,129.0756,0,0
2/02/2020,Daegu,35.8714,128.6014,0,0
2/02/2020,Incheon,37.4563,126.7052,1,0
2/02/2020,Gwangju,35.1595,126.8526,0,0
2/02/2020,Daejeon,36.3504,127.3845,0,0
2/02/2020,Ulsan,35.5384,129.3114,0,0
2/02/2020,Sejong,36.487,127.2822,0,0
2/02/2020,Gyeonggi-do,37.4138,127.5183,8,0
2/02/2020,Gangwon-do,37.8228,128.1555,0,0
2/02/2020,Chungcheongbuk-do,36.8,127.7,0,0
2/02/2020,Chungcheongnam-do,36.5623,126.9541,0,0
2/02/2020,Jeollabuk-do,35.7175,127.153,1,0
2/02/2020,Jellanam-do,34.8679,126.991,0,0
2/02/2020,Gyeongsangbuk-do,36.4919,128.8889,0,0
2/02/2020,Gyeongsangnam-do,35.4606,128.2132,0,0
2/02/2020,Jeju-do,33.489,126.4983,0,0
3/02/2020,Seoul,37.5665,126.978,5,0
3/02/2020,Busan,35.1796,129.0756,0,0
3/02/2020,Daegu,35.8714,128.6014,0,0
3/02/2020,Incheon,37.4563,126.7052,1,0
3/02/2020,Gwangju,35.1595,126.8526,0,0
3/02/2020,Daejeon,36.3504,127.3845,0,0
3/02/2020,Ulsan,35.5384,129.3114,0,0
3/02/2020,Sejong,36.487,127.2822,0,0
3/02/2020,Gyeonggi-do,37.4138,127.5183,8,0
3/02/2020,Gangwon-do,37.8228,128.1555,0,0
3/02/2020,Chungcheongbuk-do,36.8,127.7,0,0
3/02/2020,Chungcheongnam-do,36.5623,126.9541,0,0
3/02/2020,Jeollabuk-do,35.7175,127.153,1,0
3/02/2020,Jellanam-do,34.8679,126.991,0,0
3/02/2020,Gyeongsangbuk-do,36.4919,128.8889,0,0
3/02/2020,Gyeongsangnam-do,35.4606,128.2132,0,0
3/02/2020,Jeju-do,33.489,126.4983,0,0
4/02/2020,Seoul,37.5665,126.978,5,0
4/02/2020,Busan,35.1796,129.0756,0,0
4/02/2020,Daegu,35.8714,128.6014,0,0
4/02/2020,Incheon,37.4563,126.7052,1,0
4/02/2020,Gwangju,35.1595,126.8526,1,0
4/02/2020,Daejeon,36.3504,127.3845,0,0
4/02/2020,Ulsan,35.5384,129.3114,0,0
4/02/2020,Sejong,36.487,127.2822,0,0
4/02/2020,Gyeonggi-do,37.4138,127.5183,8,0
4/02/2020,Gangwon-do,37.8228,128.1555,0,0
4/02/2020,Chungcheongbuk-do,36.8,127.7,0,0
4/02/2020,Chungcheongnam-do,36.5623,126.9541,0,0
4/02/2020,Jeollabuk-do,35.7175,127.153,1,0
4/02/2020,Jellanam-do,34.8679,126.991,0,0
4/02/2020,Gyeongsangbuk-do,36.4919,128.8889,0,0
4/02/2020,Gyeongsangnam-do,35.4606,128.2132,0,0
4/02/2020,Jeju-do,33.489,126.4983,0,0
5/02/2020,Seoul,37.5665,126.978,5,0
5/02/2020,Busan,35.1796,129.0756,0,0
5/02/2020,Daegu,35.8714,128.6014,0,0
5/02/2020,Incheon,37.4563,126.7052,1,0
5/02/2020,Gwangju,35.1595,126.8526,1,0
5/02/2020,Daejeon,36.3504,127.3845,0,0
5/02/2020,Ulsan,35.5384,129.3114,0,0
5/02/2020,Sejong,36.487,127.2822,0,0
5/02/2020,Gyeonggi-do,37.4138,127.5183,10,0
5/02/2020,Gangwon-do,37.8228,128.1555,0,0
5/02/2020,Chungcheongbuk-do,36.8,127.7,0,0
5/02/2020,Chungcheongnam-do,36.5623,126.9541,0,0
5/02/2020,Jeollabuk-do,35.7175,127.153,1,0
5/02/2020,Jellanam-do,34.8679,126.991,0,0
5/02/2020,Gyeongsangbuk-do,36.4919,128.8889,0,0
5/02/2020,Gyeongsangnam-do,35.4606,128.2132,0,0
5/02/2020,Jeju-do,33.489,126.4983,0,0
6/02/2020,Seoul,37.5665,126.978,10,0
6/02/2020,Busan,35.1796,129.0756,0,0
6/02/2020,Daegu,35.8714,128.6014,0,0
6/02/2020,Incheon,37.4563,126.7052,1,0
6/02/2020,Gwangju,35.1595,126.8526,1,0
6/02/2020,Daejeon,36.3504,127.3845,0,0
6/02/2020,Ulsan,35.5384,129.3114,0,0
6/02/2020,Sejong,36.487,127.2822,0,0
6/02/2020,Gyeonggi-do,37.4138,127.5183,10,0
6/02/2020,Gangwon-do,37.8228,128.1555,0,0
6/02/2020,Chungcheongbuk-do,36.8,127.7,0,0
6/02/2020,Chungcheongnam-do,36.5623,126.9541,0,0
6/02/2020,Jeollabuk-do,35.7175,127.153,1,0
6/02/2020,Jellanam-do,34.8679,126.991,0,0
6/02/2020,Gyeongsangbuk-do,36.4919,128.8889,0,0
6/02/2020,Gyeongsangnam-do,35.4606,128.2132,0,0
6/02/2020,Jeju-do,33.489,126.4983,0,0
7/02/2020,Seoul,37.5665,126.978,11,0
7/02/2020,Busan,35.1796,129.0756,0,0
7/02/2020,Daegu,35.8714,128.6014,0,0
7/02/2020,Incheon,37.4563,126.7052,1,0
7/02/2020,Gwangju,35.1595,126.8526,1,0
7/02/2020,Daejeon,36.3504,127.3845,0,0
7/02/2020,Ulsan,35.5384,129.3114,0,0
7/02/2020,Sejong,36.487,127.2822,0,0
7/02/2020,Gyeonggi-do,37.4138,127.5183,10,0
7/02/2020,Gangwon-do,37.8228,128.1555,0,0
7/02/2020,Chungcheongbuk-do,36.8,127.7,0,0
7/02/2020,Chungcheongnam-do,36.5623,126.9541,0,0
7/02/2020,Jeollabuk-do,35.7175,127.153,1,0
7/02/2020,Jellanam-do,34.8679,126.991,0,0
7/02/2020,Gyeongsangbuk-do,36.4919,128.8889,0,0
7/02/2020,Gyeongsangnam-do,35.4606,128.2132,0,0
7/02/2020,Jeju-do,33.489,126.4983,0,0
8/02/2020,Seoul,37.5665,126.978,11,0
8/02/2020,Busan,35.1796,129.0756,0,0
8/02/2020,Daegu,35.8714,128.6014,0,0
8/02/2020,Incheon,37.4563,126.7052,1,0
8/02/2020,Gwangju,35.1595,126.8526,1,0
8/02/2020,Daejeon,36.3504,127.3845,0,0
8/02/2020,Ulsan,35.5384,129.3114,0,0
8/02/2020,Sejong,36.487,127.2822,0,0
8/02/2020,Gyeonggi-do,37.4138,127.5183,10,0
8/02/2020,Gangwon-do,37.8228,128.1555,0,0
8/02/2020,Chungcheongbuk-do,36.8,127.7,0,0
8/02/2020,Chungcheongnam-do,36.5623,126.9541,0,0
8/02/2020,Jeollabuk-do,35.7175,127.153,1,0
8/02/2020,Jellanam-do,34.8679,126.991,0,0
8/02/2020,Gyeongsangbuk-do,36.4919,128.8889,0,0
8/02/2020,Gyeongsangnam-do,35.4606,128.2132,0,0
8/02/2020,Jeju-do,33.489,126.4983,0,0
9/02/2020,Seoul,37.5665,126.978,14,0
9/02/2020,Busan,35.1796,129.0756,0,0
9/02/2020,Daegu,35.8714,128.6014,0,0
9/02/2020,Incheon,37.4563,126.7052,1,0
9/02/2020,Gwangju,35.1595,126.8526,1,0
9/02/2020,Daejeon,36.3504,127.3845,0,0
9/02/2020,Ulsan,35.5384,129.3114,0,0
9/02/2020,Sejong,36.487,127.2822,0,0
9/02/2020,Gyeonggi-do,37.4138,127.5183,10,0
9/02/2020,Gangwon-do,37.8228,128.1555,0,0
9/02/2020,Chungcheongbuk-do,36.8,127.7,0,0
9/02/2020,Chungcheongnam-do,36.5623,126.9541,0,0
9/02/2020,Jeollabuk-do,35.7175,127.153,1,0
9/02/2020,Jellanam-do,34.8679,126.991,0,0
9/02/2020,Gyeongsangbuk-do,36.4919,128.8889,0,0
9/02/2020,Gyeongsangnam-do,35.4606,128.2132,0,0
9/02/2020,Jeju-do,33.489,126.4983,0,0
10/02/2020,Seoul,37.5665,126.978,14,0
10/02/2020,Busan,35.1796,129.0756,0,0
10/02/2020,Daegu,35.8714,128.6014,0,0
10/02/2020,Incheon,37.4563,126.7052,1,0
10/02/2020,Gwangju,35.1595,126.8526,1,0
10/02/2020,Daejeon,36.3504,127.3845,0,0
10/02/2020,Ulsan,35.5384,129.3114,0,0
10/02/2020,Sejong,36.487,127.2822,0,0
10/02/2020,Gyeonggi-do,37.4138,127.5183,10,0
10/02/2020,Gangwon-do,37.8228,128.1555,0,0
10/02/2020,Chungcheongbuk-do,36.8,127.7,0,0
10/02/2020,Chungcheongnam-do,36.5623,126.9541,0,0
10/02/2020,Jeollabuk-do,35.7175,127.153,1,0
10/02/2020,Jellanam-do,34.8679,126.991,0,0
10/02/2020,Gyeongsangbuk-do,36.4919,128.8889,0,0
10/02/2020,Gyeongsangnam-do,35.4606,128.2132,0,0
10/02/2020,Jeju-do,33.489,126.4983,0,0
11/02/2020,Seoul,37.5665,126.978,14,0
11/02/2020,Busan,35.1796,129.0756,0,0
11/02/2020,Daegu,35.8714,128.6014,0,0
11/02/2020,Incheon,37.4563,126.7052,1,0
11/02/2020,Gwangju,35.1595,126.8526,1,0
11/02/2020,Daejeon,36.3504,127.3845,0,0
11/02/2020,Ulsan,35.5384,129.3114,0,0
11/02/2020,Sejong,36.487,127.2822,0,0
11/02/2020,Gyeonggi-do,37.4138,127.5183,12,0
11/02/2020,Gangwon-do,37.8228,128.1555,0,0
11/02/2020,Chungcheongbuk-do,36.8,127.7,0,0
11/02/2020,Chungcheongnam-do,36.5623,126.9541,0,0
11/02/2020,Jeollabuk-do,35.7175,127.153,1,0
11/02/2020,Jellanam-do,34.8679,126.991,0,0
11/02/2020,Gyeongsangbuk-do,36.4919,128.8889,0,0
11/02/2020,Gyeongsangnam-do,35.4606,128.2132,0,0
11/02/2020,Jeju-do,33.489,126.4983,0,0
12/02/2020,Seoul,37.5665,126.978,14,0
12/02/2020,Busan,35.1796,129.0756,0,0
12/02/2020,Daegu,35.8714,128.6014,0,0
12/02/2020,Incheon,37.4563,126.7052,1,0
12/02/2020,Gwangju,35.1595,126.8526,1,0
12/02/2020,Daejeon,36.3504,127.3845,0,0
12/02/2020,Ulsan,35.5384,129.3114,0,0
12/02/2020,Sejong,36.487,127.2822,0,0
12/02/2020,Gyeonggi-do,37.4138,127.5183,12,0
12/02/2020,Gangwon-do,37.8228,128.1555,0,0
12/02/2020,Chungcheongbuk-do,36.8,127.7,0,0
12/02/2020,Chungcheongnam-do,36.5623,126.9541,0,0
12/02/2020,Jeollabuk-do,35.7175,127.153,1,0
12/02/2020,Jellanam-do,34.8679,126.991,0,0
12/02/2020,Gyeongsangbuk-do,36.4919,128.8889,0,0
12/02/2020,Gyeongsangnam-do,35.4606,128.2132,0,0
12/02/2020,Jeju-do,33.489,126.4983,0,0
13/02/2020,Seoul,37.5665,126.978,14,0
13/02/2020,Busan,35.1796,129.0756,0,0
13/02/2020,Daegu,35.8714,128.6014,0,0
13/02/2020,Incheon,37.4563,126.7052,1,0
13/02/2020,Gwangju,35.1595,126.8526,1,0
13/02/2020,Daejeon,36.3504,127.3845,0,0
13/02/2020,Ulsan,35.5384,129.3114,0,0
13/02/2020,Sejong,36.487,127.2822,0,0
13/02/2020,Gyeonggi-do,37.4138,127.5183,12,0
13/02/2020,Gangwon-do,37.8228,128.1555,0,0
13/02/2020,Chungcheongbuk-do,36.8,127.7,0,0
13/02/2020,Chungcheongnam-do,36.5623,126.9541,0,0
13/02/2020,Jeollabuk-do,35.7175,127.153,1,0
13/02/2020,Jellanam-do,34.8679,126.991,0,0
13/02/2020,Gyeongsangbuk-do,36.4919,128.8889,0,0
13/02/2020,Gyeongsangnam-do,35.4606,128.2132,0,0
13/02/2020,Jeju-do,33.489,126.4983,0,0
14/02/2020,Seoul,37.5665,126.978,14,0
14/02/2020,Busan,35.1796,129.0756,0,0
14/02/2020,Daegu,35.8714,128.6014,0,0
14/02/2020,Incheon,37.4563,126.7052,1,0
14/02/2020,Gwangju,35.1595,126.8526,1,0
14/02/2020,Daejeon,36.3504,127.3845,0,0
14/02/2020,Ulsan,35.5384,129.3114,0,0
14/02/2020,Sejong,36.487,127.2822,0,0
14/02/2020,Gyeonggi-do,37.4138,127.5183,12,0
14/02/2020,Gangwon-do,37.8228,128.1555,0,0
14/02/2020,Chungcheongbuk-do,36.8,127.7,0,0
14/02/2020,Chungcheongnam-do,36.5623,126.9541,0,0
14/02/2020,Jeollabuk-do,35.7175,127.153,1,0
14/02/2020,Jellanam-do,34.8679,126.991,0,0
14/02/2020,Gyeongsangbuk-do,36.4919,128.8889,0,0
14/02/2020,Gyeongsangnam-do,35.4606,128.2132,0,0
14/02/2020,Jeju-do,33.489,126.4983,0,0
15/02/2020,Seoul,37.5665,126.978,14,0
15/02/2020,Busan,35.1796,129.0756,0,0
15/02/2020,Daegu,35.8714,128.6014,0,0
15/02/2020,Incheon,37.4563,126.7052,1,0
15/02/2020,Gwangju,35.1595,126.8526,1,0
15/02/2020,Daejeon,36.3504,127.3845,0,0
15/02/2020,Ulsan,35.5384,129.3114,0,0
15/02/2020,Sejong,36.487,127.2822,0,0
15/02/2020,Gyeonggi-do,37.4138,127.5183,12,0
15/02/2020,Gangwon-do,37.8228,128.1555,0,0
15/02/2020,Chungcheongbuk-do,36.8,127.7,0,0
15/02/2020,Chungcheongnam-do,36.5623,126.9541,0,0
15/02/2020,Jeollabuk-do,35.7175,127.153,1,0
15/02/2020,Jellanam-do,34.8679,126.991,0,0
15/02/2020,Gyeongsangbuk-do,36.4919,128.8889,0,0
15/02/2020,Gyeongsangnam-do,35.4606,128.2132,0,0
15/02/2020,Jeju-do,33.489,126.4983,0,0
16/02/2020,Seoul,37.5665,126.978,14,0
16/02/2020,Busan,35.1796,129.0756,0,0
16/02/2020,Daegu,35.8714,128.6014,0,0
16/02/2020,Incheon,37.4563,126.7052,1,0
16/02/2020,Gwangju,35.1595,126.8526,1,0
16/02/2020,Daejeon,36.3504,127.3845,0,0
16/02/2020,Ulsan,35.5384,129.3114,0,0
16/02/2020,Sejong,36.487,127.2822,0,0
16/02/2020,Gyeonggi-do,37.4138,127.5183,12,0
16/02/2020,Gangwon-do,37.8228,128.1555,0,0
16/02/2020,Chungcheongbuk-do,36.8,127.7,0,0
16/02/2020,Chungcheongnam-do,36.5623,126.9541,0,0
16/02/2020,Jeollabuk-do,35.7175,127.153,1,0
16/02/2020,Jellanam-do,34.8679,126.991,0,0
16/02/2020,Gyeongsangbuk-do,36.4919,128.8889,0,0
16/02/2020,Gyeongsangnam-do,35.4606,128.2132,0,0
16/02/2020,Jeju-do,33.489,126.4983,0,0
17/02/2020,Seoul,37.5665,126.978,14,0
17/02/2020,Busan,35.1796,129.0756,0,0
17/02/2020,Daegu,35.8714,128.6014,0,0
17/02/2020,Incheon,37.4563,126.7052,1,0
17/02/2020,Gwangju,35.1595,126.8526,1,0
17/02/2020,Daejeon,36.3504,127.3845,0,0
17/02/2020,Ulsan,35.5384,129.3114,0,0
17/02/2020,Sejong,36.487,127.2822,0,0
17/02/2020,Gyeonggi-do,37.4138,127.5183,12,0
17/02/2020,Gangwon-do,37.8228,128.1555,0,0
17/02/2020,Chungcheongbuk-do,36.8,127.7,0,0
17/02/2020,Chungcheongnam-do,36.5623,126.9541,0,0
17/02/2020,Jeollabuk-do,35.7175,127.153,1,0
17/02/2020,Jellanam-do,34.8679,126.991,0,0
17/02/2020,Gyeongsangbuk-do,36.4919,128.8889,0,0
17/02/2020,Gyeongsangnam-do,35.4606,128.2132,0,0
17/02/2020,Jeju-do,33.489,126.4983,0,0
18/02/2020,Seoul,37.5665,126.978,14,0
18/02/2020,Busan,35.1796,129.0756,0,0
18/02/2020,Daegu,35.8714,128.6014,1,0
18/02/2020,Incheon,37.4563,126.7052,1,0
18/02/2020,Gwangju,35.1595,126.8526,1,0
18/02/2020,Daejeon,36.3504,127.3845,0,0
18/02/2020,Ulsan,35.5384,129.3114,0,0
18/02/2020,Sejong,36.487,127.2822,0,0
18/02/2020,Gyeonggi-do,37.4138,127.5183,12,0
18/02/2020,Gangwon-do,37.8228,128.1555,0,0
18/02/2020,Chungcheongbuk-do,36.8,127.7,0,0
18/02/2020,Chungcheongnam-do,36.5623,126.9541,0,0
18/02/2020,Jeollabuk-do,35.7175,127.153,1,0
18/02/2020,Jellanam-do,34.8679,126.991,0,0
18/02/2020,Gyeongsangbuk-do,36.4919,128.8889,0,0
18/02/2020,Gyeongsangnam-do,35.4606,128.2132,0,0
18/02/2020,Jeju-do,33.489,126.4983,0,0
19/02/2020,Seoul,37.5665,126.978,20,0
19/02/2020,Busan,35.1796,129.0756,0,0
19/02/2020,Daegu,35.8714,128.6014,11,0
19/02/2020,Incheon,37.4563,126.7052,2,0
19/02/2020,Gwangju,35.1595,126.8526,1,0
19/02/2020,Daejeon,36.3504,127.3845,0,0
19/02/2020,Ulsan,35.5384,129.3114,0,0
19/02/2020,Sejong,36.487,127.2822,0,0
19/02/2020,Gyeonggi-do,37.4138,127.5183,12,0
19/02/2020,Gangwon-do,37.8228,128.1555,0,0
19/02/2020,Chungcheongbuk-do,36.8,127.7,0,0
19/02/2020,Chungcheongnam-do,36.5623,126.9541,0,0
19/02/2020,Jeollabuk-do,35.7175,127.153,1,0
19/02/2020,Jellanam-do,34.8679,126.991,0,0
19/02/2020,Gyeongsangbuk-do,36.4919,128.8889,2,0
19/02/2020,Gyeongsangnam-do,35.4606,128.2132,3,0
19/02/2020,Jeju-do,33.489,126.4983,0,0
20/02/2020,Seoul,37.5665,126.978,22,0
20/02/2020,Busan,35.1796,129.0756,8,0
20/02/2020,Daegu,35.8714,128.6014,30,0
20/02/2020,Incheon,37.4563,126.7052,2,0
20/02/2020,Gwangju,35.1595,126.8526,1,0
20/02/2020,Daejeon,36.3504,127.3845,0,0
20/02/2020,Ulsan,35.5384,129.3114,0,0
20/02/2020,Sejong,36.487,127.2822,0,0
20/02/2020,Gyeonggi-do,37.4138,127.5183,12,0
20/02/2020,Gangwon-do,37.8228,128.1555,0,0
20/02/2020,Chungcheongbuk-do,36.8,127.7,0,0
20/02/2020,Chungcheongnam-do,36.5623,126.9541,0,0
20/02/2020,Jeollabuk-do,35.7175,127.153,1,0
20/02/2020,Jellanam-do,34.8679,126.991,0,0
20/02/2020,Gyeongsangbuk-do,36.4919,128.8889,25,1
20/02/2020,Gyeongsangnam-do,35.4606,128.2132,3,0
20/02/2020,Jeju-do,33.489,126.4983,0,0
21/02/2020,Seoul,37.5665,126.978,27,0
21/02/2020,Busan,35.1796,129.0756,8,0
21/02/2020,Daegu,35.8714,128.6014,110,0
21/02/2020,Incheon,37.4563,126.7052,2,0
21/02/2020,Gwangju,35.1595,126.8526,3,0
21/02/2020,Daejeon,36.3504,127.3845,0,0
21/02/2020,Ulsan,35.5384,129.3114,0,0
21/02/2020,Sejong,36.487,127.2822,0,0
21/02/2020,Gyeonggi-do,37.4138,127.5183,14,0
21/02/2020,Gangwon-do,37.8228,128.1555,0,0
21/02/2020,Chungcheongbuk-do,36.8,127.7,1,0
21/02/2020,Chungcheongnam-do,36.5623,126.9541,1,0
21/02/2020,Jeollabuk-do,35.7175,127.153,2,0
21/02/2020,Jellanam-do,34.8679,126.991,0,0
21/02/2020,Gyeongsangbuk-do,36.4919,128.8889,28,1
21/02/2020,Gyeongsangnam-do,35.4606,128.2132,7,0
21/02/2020,Jeju-do,33.489,126.4983,1,0
22/02/2020,Seoul,37.5665,126.978,30,0
22/02/2020,Busan,35.1796,129.0756,11,0
22/02/2020,Daegu,35.8714,128.6014,193,0
22/02/2020,Incheon,37.4563,126.7052,2,0
22/02/2020,Gwangju,35.1595,126.8526,6,0
22/02/2020,Daejeon,36.3504,127.3845,2,0
22/02/2020,Ulsan,35.5384,129.3114,1,0
22/02/2020,Sejong,36.487,127.2822,1,0
22/02/2020,Gyeonggi-do,37.4138,127.5183,20,0
22/02/2020,Gangwon-do,37.8228,128.1555,6,0
22/02/2020,Chungcheongbuk-do,36.8,127.7,3,0
22/02/2020,Chungcheongnam-do,36.5623,126.9541,1,0
22/02/2020,Jeollabuk-do,35.7175,127.153,3,0
22/02/2020,Jellanam-do,34.8679,126.991,1,0
22/02/2020,Gyeongsangbuk-do,36.4919,128.8889,145,3
22/02/2020,Gyeongsangnam-do,35.4606,128.2132,7,0
22/02/2020,Jeju-do,33.489,126.4983,1,0
23/02/2020,Seoul,37.5665,126.978,31,0
23/02/2020,Busan,35.1796,129.0756,19,0
23/02/2020,Daegu,35.8714,128.6014,310,1
23/02/2020,Incheon,37.4563,126.7052,2,0
23/02/2020,Gwangju,35.1595,126.8526,8,0
23/02/2020,Daejeon,36.3504,127.3845,3,0
23/02/2020,Ulsan,35.5384,129.3114,1,0
23/02/2020,Sejong,36.487,127.2822,1,0
23/02/2020,Gyeonggi-do,37.4138,127.5183,24,0
23/02/2020,Gangwon-do,37.8228,128.1555,6,0
23/02/2020,Chungcheongbuk-do,36.8,127.7,3,0
23/02/2020,Chungcheongnam-do,36.5623,126.9541,1,0
23/02/2020,Jeollabuk-do,35.7175,127.153,3,0
23/02/2020,Jellanam-do,34.8679,126.991,1,0
23/02/2020,Gyeongsangbuk-do,36.4919,128.8889,170,3
23/02/2020,Gyeongsangnam-do,35.4606,128.2132,17,0
23/02/2020,Jeju-do,33.489,126.4983,2,0
24/02/2020,Seoul,37.5665,126.978,35,0
24/02/2020,Busan,35.1796,129.0756,34,0
24/02/2020,Daegu,35.8714,128.6014,483,2
24/02/2020,Incheon,37.4563,126.7052,2,0
24/02/2020,Gwangju,35.1595,126.8526,9,0
24/02/2020,Daejeon,36.3504,127.3845,3,0
24/02/2020,Ulsan,35.5384,129.3114,2,0
24/02/2020,Sejong,36.487,127.2822,1,0
24/02/2020,Gyeonggi-do,37.4138,127.5183,35,0
24/02/2020,Gangwon-do,37.8228,128.1555,6,0
24/02/2020,Chungcheongbuk-do,36.8,127.7,3,0
24/02/2020,Chungcheongnam-do,36.5623,126.9541,1,0
24/02/2020,Jeollabuk-do,35.7175,127.153,3,0
24/02/2020,Jellanam-do,34.8679,126.991,1,0
24/02/2020,Gyeongsangbuk-do,36.4919,128.8889,193,6
24/02/2020,Gyeongsangnam-do,35.4606,128.2132,20,0
24/02/2020,Jeju-do,33.489,126.4983,2,0
25/02/2020,Seoul,37.5665,126.978,41,0
25/02/2020,Busan,35.1796,129.0756,42,0
25/02/2020,Daegu,35.8714,128.6014,543,6
25/02/2020,Incheon,37.4563,126.7052,2,0
25/02/2020,Gwangju,35.1595,126.8526,9,0
25/02/2020,Daejeon,36.3504,127.3845,3,0
25/02/2020,Ulsan,35.5384,129.3114,3,0
25/02/2020,Sejong,36.487,127.2822,1,0
25/02/2020,Gyeonggi-do,37.4138,127.5183,42,0
25/02/2020,Gangwon-do,37.8228,128.1555,6,0
25/02/2020,Chungcheongbuk-do,36.8,127.7,5,0
25/02/2020,Chungcheongnam-do,36.5623,126.9541,2,0
25/02/2020,Jeollabuk-do,35.7175,127.153,3,0
25/02/2020,Jellanam-do,34.8679,126.991,1,0
25/02/2020,Gyeongsangbuk-do,36.4919,128.8889,249,6
25/02/2020,Gyeongsangnam-do,35.4606,128.2132,23,0
25/02/2020,Jeju-do,33.489,126.4983,2,0
26/02/2020,Seoul,37.5665,126.978,49,0
26/02/2020,Busan,35.1796,129.0756,58,0
26/02/2020,Daegu,35.8714,128.6014,710,6
26/02/2020,Incheon,37.4563,126.7052,3,0
26/02/2020,Gwangju,35.1595,126.8526,9,0
26/02/2020,Daejeon,36.3504,127.3845,5,0
26/02/2020,Ulsan,35.5384,129.3114,4,0
26/02/2020,Sejong,36.487,127.2822,1,0
26/02/2020,Gyeonggi-do,37.4138,127.5183,51,1
26/02/2020,Gangwon-do,37.8228,128.1555,6,0
26/02/2020,Chungcheongbuk-do,36.8,127.7,5,0
26/02/2020,Chungcheongnam-do,36.5623,126.9541,3,0
26/02/2020,Jeollabuk-do,35.7175,127.153,3,0
26/02/2020,Jellanam-do,34.8679,126.991,1,0
26/02/2020,Gyeongsangbuk-do,36.4919,128.8889,317,6
26/02/2020,Gyeongsangnam-do,35.4606,128.2132,34,0
26/02/2020,Jeju-do,33.489,126.4983,2,0
27/02/2020,Seoul,37.5665,126.978,56,0
27/02/2020,Busan,35.1796,129.0756,61,0
27/02/2020,Daegu,35.8714,128.6014,1132,6
27/02/2020,Incheon,37.4563,126.7052,3,0
27/02/2020,Gwangju,35.1595,126.8526,9,0
27/02/2020,Daejeon,36.3504,127.3845,9,0
27/02/2020,Ulsan,35.5384,129.3114,11,0
27/02/2020,Sejong,36.487,127.2822,1,0
27/02/2020,Gyeonggi-do,37.4138,127.5183,62,1
27/02/2020,Gangwon-do,37.8228,128.1555,6,0
27/02/2020,Chungcheongbuk-do,36.8,127.7,8,0
27/02/2020,Chungcheongnam-do,36.5623,126.9541,12,0
27/02/2020,Jeollabuk-do,35.7175,127.153,5,0
27/02/2020,Jellanam-do,34.8679,126.991,1,0
27/02/2020,Gyeongsangbuk-do,36.4919,128.8889,345,6
27/02/2020,Gyeongsangnam-do,35.4606,128.2132,43,0
27/02/2020,Jeju-do,33.489,126.4983,2,0
28/02/2020,Seoul,37.5665,126.978,62,0
28/02/2020,Busan,35.1796,129.0756,65,0
28/02/2020,Daegu,35.8714,128.6014,1580,6
28/02/2020,Incheon,37.4563,126.7052,4,0
28/02/2020,Gwangju,35.1595,126.8526,9,0
28/02/2020,Daejeon,36.3504,127.3845,13,0
28/02/2020,Ulsan,35.5384,129.3114,14,0
28/02/2020,Sejong,36.487,127.2822,1,0
28/02/2020,Gyeonggi-do,37.4138,127.5183,72,1
28/02/2020,Gangwon-do,37.8228,128.1555,7,0
28/02/2020,Chungcheongbuk-do,36.8,127.7,9,0
28/02/2020,Chungcheongnam-do,36.5623,126.9541,35,0
28/02/2020,Jeollabuk-do,35.7175,127.153,5,0
28/02/2020,Jellanam-do,34.8679,126.991,1,0
28/02/2020,Gyeongsangbuk-do,36.4919,128.8889,409,6
28/02/2020,Gyeongsangnam-do,35.4606,128.2132,49,0
28/02/2020,Jeju-do,33.489,126.4983,2,0
29/02/2020,Seoul,37.5665,126.978,77,0
29/02/2020,Busan,35.1796,129.0756,80,0
29/02/2020,Daegu,35.8714,128.6014,2236,10
29/02/2020,Incheon,37.4563,126.7052,6,0
29/02/2020,Gwangju,35.1595,126.8526,9,0
29/02/2020,Daejeon,36.3504,127.3845,13,0
29/02/2020,Ulsan,35.5384,129.3114,17,0
29/02/2020,Sejong,36.487,127.2822,1,0
29/02/2020,Gyeonggi-do,37.4138,127.5183,82,1
29/02/2020,Gangwon-do,37.8228,128.1555,7,0
29/02/2020,Chungcheongbuk-do,36.8,127.7,10,0
29/02/2020,Chungcheongnam-do,36.5623,126.9541,55,0
29/02/2020,Jeollabuk-do,35.7175,127.153,5,0
29/02/2020,Jellanam-do,34.8679,126.991,3,0
29/02/2020,Gyeongsangbuk-do,36.4919,128.8889,488,6
29/02/2020,Gyeongsangnam-do,35.4606,128.2132,59,0
29/02/2020,Jeju-do,33.489,126.4983,2,0
1/03/2020,Seoul,37.5665,126.978,87,0
1/03/2020,Busan,35.1796,129.0756,83,0
1/03/2020,Daegu,35.8714,128.6014,2704,11
1/03/2020,Incheon,37.4563,126.7052,6,0
1/03/2020,Gwangju,35.1595,126.8526,9,0
1/03/2020,Daejeon,36.3504,127.3845,13,0
1/03/2020,Ulsan,35.5384,129.3114,20,0
1/03/2020,Sejong,36.487,127.2822,1,0
1/03/2020,Gyeonggi-do,37.4138,127.5183,89,1
1/03/2020,Gangwon-do,37.8228,128.1555,15,0
1/03/2020,Chungcheongbuk-do,36.8,127.7,11,0
1/03/2020,Chungcheongnam-do,36.5623,126.9541,68,0
1/03/2020,Jeollabuk-do,35.7175,127.153,6,0
1/03/2020,Jellanam-do,34.8679,126.991,3,0
1/03/2020,Gyeongsangbuk-do,36.4919,128.8889,556,6
1/03/2020,Gyeongsangnam-do,35.4606,128.2132,63,0
1/03/2020,Jeju-do,33.489,126.4983,2,0
2/03/2020,Seoul,37.5665,126.978,91,0
2/03/2020,Busan,35.1796,129.0756,88,0
2/03/2020,Daegu,35.8714,128.6014,3081,15
2/03/2020,Incheon,37.4563,126.7052,7,0
2/03/2020,Gwangju,35.1595,126.8526,9,0
2/03/2020,Daejeon,36.3504,127.3845,14,0
2/03/2020,Ulsan,35.5384,129.3114,20,0
2/03/2020,Sejong,36.487,127.2822,1,0
2/03/2020,Gyeonggi-do,37.4138,127.5183,92,1
2/03/2020,Gangwon-do,37.8228,128.1555,19,0
2/03/2020,Chungcheongbuk-do,36.8,127.7,11,0
2/03/2020,Chungcheongnam-do,36.5623,126.9541,78,0
2/03/2020,Jeollabuk-do,35.7175,127.153,6,0
2/03/2020,Jellanam-do,34.8679,126.991,5,0
2/03/2020,Gyeongsangbuk-do,36.4919,128.8889,624,6
2/03/2020,Gyeongsangnam-do,35.4606,128.2132,64,0
2/03/2020,Jeju-do,33.489,126.4983,2,0
3/03/2020,Seoul,37.5665,126.978,98,0
3/03/2020,Busan,35.1796,129.0756,90,0
3/03/2020,Daegu,35.8714,128.6014,3601,21
3/03/2020,Incheon,37.4563,126.7052,7,0
3/03/2020,Gwangju,35.1595,126.8526,11,0
3/03/2020,Daejeon,36.3504,127.3845,14,0
3/03/2020,Ulsan,35.5384,129.3114,20,0
3/03/2020,Sejong,36.487,127.2822,1,0
3/03/2020,Gyeonggi-do,37.4138,127.5183,94,1
3/03/2020,Gangwon-do,37.8228,128.1555,20,0
3/03/2020,Chungcheongbuk-do,36.8,127.7,11,0
3/03/2020,Chungcheongnam-do,36.5623,126.9541,81,0
3/03/2020,Jeollabuk-do,35.7175,127.153,7,0
3/03/2020,Jellanam-do,34.8679,126.991,5,0
3/03/2020,Gyeongsangbuk-do,36.4919,128.8889,685,6
3/03/2020,Gyeongsangnam-do,35.4606,128.2132,64,0
3/03/2020,Jeju-do,33.489,126.4983,3,0
4/03/2020,Seoul,37.5665,126.978,99,0
4/03/2020,Busan,35.1796,129.0756,92,0
4/03/2020,Daegu,35.8714,128.6014,4007,25
4/03/2020,Incheon,37.4563,126.7052,9,0
4/03/2020,Gwangju,35.1595,126.8526,13,0
4/03/2020,Daejeon,36.3504,127.3845,15,0
4/03/2020,Ulsan,35.5384,129.3114,23,0
4/03/2020,Sejong,36.487,127.2822,1,0
4/03/2020,Gyeonggi-do,37.4138,127.5183,101,1
4/03/2020,Gangwon-do,37.8228,128.1555,21,0
4/03/2020,Chungcheongbuk-do,36.8,127.7,11,0
4/03/2020,Chungcheongnam-do,36.5623,126.9541,82,0
4/03/2020,Jeollabuk-do,35.7175,127.153,7,0
4/03/2020,Jellanam-do,34.8679,126.991,4,0
4/03/2020,Gyeongsangbuk-do,36.4919,128.8889,774,6
4/03/2020,Gyeongsangnam-do,35.4606,128.2132,65,0
4/03/2020,Jeju-do,33.489,126.4983,3,0
5/03/2020,Seoul,37.5665,126.978,103,0
5/03/2020,Busan,35.1796,129.0756,92,0
5/03/2020,Daegu,35.8714,128.6014,4328,27
5/03/2020,Incheon,37.4563,126.7052,9,0
5/03/2020,Gwangju,35.1595,126.8526,13,0
5/03/2020,Daejeon,36.3504,127.3845,16,0
5/03/2020,Ulsan,35.5384,129.3114,23,0
5/03/2020,Sejong,36.487,127.2822,1,0
5/03/2020,Gyeonggi-do,37.4138,127.5183,110,1
5/03/2020,Gangwon-do,37.8228,128.1555,23,0
5/03/2020,Chungcheongbuk-do,36.8,127.7,12,0
5/03/2020,Chungcheongnam-do,36.5623,126.9541,86,0
5/03/2020,Jeollabuk-do,35.7175,127.153,7,0
5/03/2020,Jellanam-do,34.8679,126.991,4,0
5/03/2020,Gyeongsangbuk-do,36.4919,128.8889,861,6
5/03/2020,Gyeongsangnam-do,35.4606,128.2132,74,0
5/03/2020,Jeju-do,33.489,126.4983,4,0
6/03/2020,Seoul,37.5665,126.978,105,0
6/03/2020,Busan,35.1796,129.0756,95,0
6/03/2020,Daegu,35.8714,128.6014,4694,30
6/03/2020,Incheon,37.4563,126.7052,9,0
6/03/2020,Gwangju,35.1595,126.8526,13,0
6/03/2020,Daejeon,36.3504,127.3845,18,0
6/03/2020,Ulsan,35.5384,129.3114,23,0
6/03/2020,Sejong,36.487,127.2822,1,0
6/03/2020,Gyeonggi-do,37.4138,127.5183,120,1
6/03/2020,Gangwon-do,37.8228,128.1555,25,0
6/03/2020,Chungcheongbuk-do,36.8,127.7,15,0
6/03/2020,Chungcheongnam-do,36.5623,126.9541,90,0
6/03/2020,Jeollabuk-do,35.7175,127.153,7,0
6/03/2020,Jellanam-do,34.8679,126.991,4,0
6/03/2020,Gyeongsangbuk-do,36.4919,128.8889,984,10
6/03/2020,Gyeongsangnam-do,35.4606,128.2132,77,0
6/03/2020,Jeju-do,33.489,126.4983,4,0
7/03/2020,Seoul,37.5665,126.978,108,0
7/03/2020,Busan,35.1796,129.0756,96,0
7/03/2020,Daegu,35.8714,128.6014,5084,31
7/03/2020,Incheon,37.4563,126.7052,9,0
7/03/2020,Gwangju,35.1595,126.8526,13,0
7/03/2020,Daejeon,36.3504,127.3845,18,0
7/03/2020,Ulsan,35.5384,129.3114,23,0
7/03/2020,Sejong,36.487,127.2822,2,0
7/03/2020,Gyeonggi-do,37.4138,127.5183,130,1
7/03/2020,Gangwon-do,37.8228,128.1555,26,1
7/03/2020,Chungcheongbuk-do,36.8,127.7,20,0
7/03/2020,Chungcheongnam-do,36.5623,126.9541,92,0
7/03/2020,Jeollabuk-do,35.7175,127.153,7,0
7/03/2020,Jellanam-do,34.8679,126.991,4,0
7/03/2020,Gyeongsangbuk-do,36.4919,128.8889,1049,10
7/03/2020,Gyeongsangnam-do,35.4606,128.2132,82,0
7/03/2020,Jeju-do,33.489,126.4983,4,0
8/03/2020,Seoul,37.5665,126.978,120,0
8/03/2020,Busan,35.1796,129.0756,96,0
8/03/2020,Daegu,35.8714,128.6014,5381,35
8/03/2020,Incheon,37.4563,126.7052,9,0
8/03/2020,Gwangju,35.1595,126.8526,13,0
8/03/2020,Daejeon,36.3504,127.3845,18,0
8/03/2020,Ulsan,35.5384,129.3114,24,0
8/03/2020,Sejong,36.487,127.2822,3,0
8/03/2020,Gyeonggi-do,37.4138,127.5183,141,1
8/03/2020,Gangwon-do,37.8228,128.1555,27,1
8/03/2020,Chungcheongbuk-do,36.8,127.7,24,0
8/03/2020,Chungcheongnam-do,36.5623,126.9541,98,0
8/03/2020,Jeollabuk-do,35.7175,127.153,7,0
8/03/2020,Jellanam-do,34.8679,126.991,4,0
8/03/2020,Gyeongsangbuk-do,36.4919,128.8889,1082,13
8/03/2020,Gyeongsangnam-do,35.4606,128.2132,83,0
8/03/2020,Jeju-do,33.489,126.4983,4,0
9/03/2020,Seoul,37.5665,126.978,130,0
9/03/2020,Busan,35.1796,129.0756,96,0
9/03/2020,Daegu,35.8714,128.6014,5571,35
9/03/2020,Incheon,37.4563,126.7052,9,0
9/03/2020,Gwangju,35.1595,126.8526,15,0
9/03/2020,Daejeon,36.3504,127.3845,18,0
9/03/2020,Ulsan,35.5384,129.3114,24,0
9/03/2020,Sejong,36.487,127.2822,6,0
9/03/2020,Gyeonggi-do,37.4138,127.5183,153,1
9/03/2020,Gangwon-do,37.8228,128.1555,28,1
9/03/2020,Chungcheongbuk-do,36.8,127.7,25,0
9/03/2020,Chungcheongnam-do,36.5623,126.9541,102,0
9/03/2020,Jeollabuk-do,35.7175,127.153,7,0
9/03/2020,Jellanam-do,34.8679,126.991,4,0
9/03/2020,Gyeongsangbuk-do,36.4919,128.8889,1107,14
9/03/2020,Gyeongsangnam-do,35.4606,128.2132,83,0
9/03/2020,Jeju-do,33.489,126.4983,4,0
10/03/2020,Seoul,37.5665,126.978,141,0
10/03/2020,Busan,35.1796,129.0756,96,0
10/03/2020,Daegu,35.8714,128.6014,5663,38
10/03/2020,Incheon,37.4563,126.7052,13,0
10/03/2020,Gwangju,35.1595,126.8526,15,0
10/03/2020,Daejeon,36.3504,127.3845,18,0
10/03/2020,Ulsan,35.5384,129.3114,24,0
10/03/2020,Sejong,36.487,127.2822,8,0
10/03/2020,Gyeonggi-do,37.4138,127.5183,163,1
10/03/2020,Gangwon-do,37.8228,128.1555,28,1
10/03/2020,Chungcheongbuk-do,36.8,127.7,25,0
10/03/2020,Chungcheongnam-do,36.5623,126.9541,104,0
10/03/2020,Jeollabuk-do,35.7175,127.153,7,0
10/03/2020,Jellanam-do,34.8679,126.991,4,0
10/03/2020,Gyeongsangbuk-do,36.4919,128.8889,1117,14
10/03/2020,Gyeongsangnam-do,35.4606,128.2132,83,0
10/03/2020,Jeju-do,33.489,126.4983,4,0
11/03/2020,Seoul,37.5665,126.978,193,0
11/03/2020,Busan,35.1796,129.0756,98,0
11/03/2020,Daegu,35.8714,128.6014,5794,44
11/03/2020,Incheon,37.4563,126.7052,25,0
11/03/2020,Gwangju,35.1595,126.8526,15,0
11/03/2020,Daejeon,36.3504,127.3845,18,0
11/03/2020,Ulsan,35.5384,129.3114,25,0
11/03/2020,Sejong,36.487,127.2822,10,0
11/03/2020,Gyeonggi-do,37.4138,127.5183,175,1
11/03/2020,Gangwon-do,37.8228,128.1555,29,1
11/03/2020,Chungcheongbuk-do,36.8,127.7,27,0
11/03/2020,Chungcheongnam-do,36.5623,126.9541,112,0
11/03/2020,Jeollabuk-do,35.7175,127.153,7,0
11/03/2020,Jellanam-do,34.8679,126.991,4,0
11/03/2020,Gyeongsangbuk-do,36.4919,128.8889,1135,14
11/03/2020,Gyeongsangnam-do,35.4606,128.2132,84,0
11/03/2020,Jeju-do,33.489,126.4983,4,0
12/03/2020,Seoul,37.5665,126.978,212,0
12/03/2020,Busan,35.1796,129.0756,99,0
12/03/2020,Daegu,35.8714,128.6014,5867,48
12/03/2020,Incheon,37.4563,126.7052,25,0
12/03/2020,Gwangju,35.1595,126.8526,15,0
12/03/2020,Daejeon,36.3504,127.3845,20,0
12/03/2020,Ulsan,35.5384,129.3114,25,0
12/03/2020,Sejong,36.487,127.2822,15,0
12/03/2020,Gyeonggi-do,37.4138,127.5183,178,1
12/03/2020,Gangwon-do,37.8228,128.1555,29,1
12/03/2020,Chungcheongbuk-do,36.8,127.7,27,0
12/03/2020,Chungcheongnam-do,36.5623,126.9541,114,0
12/03/2020,Jeollabuk-do,35.7175,127.153,7,0
12/03/2020,Jellanam-do,34.8679,126.991,4,0
12/03/2020,Gyeongsangbuk-do,36.4919,128.8889,1143,16
12/03/2020,Gyeongsangnam-do,35.4606,128.2132,85,0
12/03/2020,Jeju-do,33.489,126.4983,4,0
13/03/2020,Seoul,37.5665,126.978,225,0
13/03/2020,Busan,35.1796,129.0756,100,0
13/03/2020,Daegu,35.8714,128.6014,5928,48
13/03/2020,Incheon,37.4563,126.7052,27,0
13/03/2020,Gwangju,35.1595,126.8526,15,0
13/03/2020,Daejeon,36.3504,127.3845,22,0
13/03/2020,Ulsan,35.5384,129.3114,27,0
13/03/2020,Sejong,36.487,127.2822,32,0
13/03/2020,Gyeonggi-do,37.4138,127.5183,185,2
13/03/2020,Gangwon-do,37.8228,128.1555,29,1
13/03/2020,Chungcheongbuk-do,36.8,127.7,27,0
13/03/2020,Chungcheongnam-do,36.5623,126.9541,115,0
13/03/2020,Jeollabuk-do,35.7175,127.153,7,0
13/03/2020,Jellanam-do,34.8679,126.991,4,0
13/03/2020,Gyeongsangbuk-do,36.4919,128.8889,1147,16
13/03/2020,Gyeongsangnam-do,35.4606,128.2132,85,0
13/03/2020,Jeju-do,33.489,126.4983,4,0
14/03/2020,Seoul,37.5665,126.978,238,0
14/03/2020,Busan,35.1796,129.0756,103,0
14/03/2020,Daegu,35.8714,128.6014,5990,51
14/03/2020,Incheon,37.4563,126.7052,28,0
14/03/2020,Gwangju,35.1595,126.8526,15,0
14/03/2020,Daejeon,36.3504,127.3845,22,0
14/03/2020,Ulsan,35.5384,129.3114,27,0
14/03/2020,Sejong,36.487,127.2822,38,0
14/03/2020,Gyeonggi-do,37.4138,127.5183,200,3
14/03/2020,Gangwon-do,37.8228,128.1555,29,1
14/03/2020,Chungcheongbuk-do,36.8,127.7,28,0
14/03/2020,Chungcheongnam-do,36.5623,126.9541,115,0
14/03/2020,Jeollabuk-do,35.7175,127.153,7,0
14/03/2020,Jellanam-do,34.8679,126.991,4,0
14/03/2020,Gyeongsangbuk-do,36.4919,128.8889,1153,17
14/03/2020,Gyeongsangnam-do,35.4606,128.2132,85,0
14/03/2020,Jeju-do,33.489,126.4983,4,0
15/03/2020,Seoul,37.5665,126.978,247,0
15/03/2020,Busan,35.1796,129.0756,106,1
15/03/2020,Daegu,35.8714,128.6014,6031,53
15/03/2020,Incheon,37.4563,126.7052,30,0
15/03/2020,Gwangju,35.1595,126.8526,16,0
15/03/2020,Daejeon,36.3504,127.3845,22,0
15/03/2020,Ulsan,35.5384,129.3114,28,0
15/03/2020,Sejong,36.487,127.2822,39,0
15/03/2020,Gyeonggi-do,37.4138,127.5183,211,3
15/03/2020,Gangwon-do,37.8228,128.1555,29,1
15/03/2020,Chungcheongbuk-do,36.8,127.7,31,0
15/03/2020,Chungcheongnam-do,36.5623,126.9541,115,0
15/03/2020,Jeollabuk-do,35.7175,127.153,7,0
15/03/2020,Jellanam-do,34.8679,126.991,4,0
15/03/2020,Gyeongsangbuk-do,36.4919,128.8889,1157,17
15/03/2020,Gyeongsangnam-do,35.4606,128.2132,85,0
15/03/2020,Jeju-do,33.489,126.4983,4,0
16/03/2020,Seoul,37.5665,126.978,253,0
16/03/2020,Busan,35.1796,129.0756,107,1
16/03/2020,Daegu,35.8714,128.6014,6066,53
16/03/2020,Incheon,37.4563,126.7052,30,0
16/03/2020,Gwangju,35.1595,126.8526,16,0
16/03/2020,Daejeon,36.3504,127.3845,22,0
16/03/2020,Ulsan,35.5384,129.3114,28,0
16/03/2020,Sejong,36.487,127.2822,40,0
16/03/2020,Gyeonggi-do,37.4138,127.5183,231,3
16/03/2020,Gangwon-do,37.8228,128.1555,29,1
16/03/2020,Chungcheongbuk-do,36.8,127.7,31,0
16/03/2020,Chungcheongnam-do,36.5623,126.9541,115,0
16/03/2020,Jeollabuk-do,35.7175,127.153,7,0
16/03/2020,Jellanam-do,34.8679,126.991,4,0
16/03/2020,Gyeongsangbuk-do,36.4919,128.8889,1164,17
16/03/2020,Gyeongsangnam-do,35.4606,128.2132,85,0
16/03/2020,Jeju-do,33.489,126.4983,4,0
17/03/2020,Seoul,37.5665,126.978,265,0
17/03/2020,Busan,35.1796,129.0756,107,1
17/03/2020,Daegu,35.8714,128.6014,6098,57
17/03/2020,Incheon,37.4563,126.7052,31,0
17/03/2020,Gwangju,35.1595,126.8526,16,0
17/03/2020,Daejeon,36.3504,127.3845,22,0
17/03/2020,Ulsan,35.5384,129.3114,28,0
17/03/2020,Sejong,36.487,127.2822,40,0
17/03/2020,Gyeonggi-do,37.4138,127.5183,262,3
17/03/2020,Gangwon-do,37.8228,128.1555,29,1
17/03/2020,Chungcheongbuk-do,36.8,127.7,31,0
17/03/2020,Chungcheongnam-do,36.5623,126.9541,115,0
17/03/2020,Jeollabuk-do,35.7175,127.153,7,0
17/03/2020,Jellanam-do,34.8679,126.991,4,0
17/03/2020,Gyeongsangbuk-do,36.4919,128.8889,1169,19
17/03/2020,Gyeongsangnam-do,35.4606,128.2132,86,0
17/03/2020,Jeju-do,33.489,126.4983,4,0
18/03/2020,Seoul,37.5665,126.978,270,0
18/03/2020,Busan,35.1796,129.0756,107,1
18/03/2020,Daegu,35.8714,128.6014,6144,58
18/03/2020,Incheon,37.4563,126.7052,32,0
18/03/2020,Gwangju,35.1595,126.8526,17,0
18/03/2020,Daejeon,36.3504,127.3845,22,0
18/03/2020,Ulsan,35.5384,129.3114,30,0
18/03/2020,Sejong,36.487,127.2822,41,0
18/03/2020,Gyeonggi-do,37.4138,127.5183,277,3
18/03/2020,Gangwon-do,37.8228,128.1555,30,1
18/03/2020,Chungcheongbuk-do,36.8,127.7,32,0
18/03/2020,Chungcheongnam-do,36.5623,126.9541,118,0
18/03/2020,Jeollabuk-do,35.7175,127.153,9,0
18/03/2020,Jellanam-do,34.8679,126.991,5,0
18/03/2020,Gyeongsangbuk-do,36.4919,128.8889,1178,21
18/03/2020,Gyeongsangnam-do,35.4606,128.2132,86,0
18/03/2020,Jeju-do,33.489,126.4983,4,0
19/03/2020,Seoul,37.5665,126.978,282,0
19/03/2020,Busan,35.1796,129.0756,107,1
19/03/2020,Daegu,35.8714,128.6014,6241,65
19/03/2020,Incheon,37.4563,126.7052,32,0
19/03/2020,Gwangju,35.1595,126.8526,17,0
19/03/2020,Daejeon,36.3504,127.3845,22,0
19/03/2020,Ulsan,35.5384,129.3114,36,0
19/03/2020,Sejong,36.487,127.2822,41,0
19/03/2020,Gyeonggi-do,37.4138,127.5183,295,3
19/03/2020,Gangwon-do,37.8228,128.1555,30,1
19/03/2020,Chungcheongbuk-do,36.8,127.7,33,0
19/03/2020,Chungcheongnam-do,36.5623,126.9541,118,0
19/03/2020,Jeollabuk-do,35.7175,127.153,10,0
19/03/2020,Jellanam-do,34.8679,126.991,5,0
19/03/2020,Gyeongsangbuk-do,36.4919,128.8889,1190,21
19/03/2020,Gyeongsangnam-do,35.4606,128.2132,86,0
19/03/2020,Jeju-do,33.489,126.4983,4,0
20/03/2020,Seoul,37.5665,126.978,299,0
20/03/2020,Busan,35.1796,129.0756,108,1
20/03/2020,Daegu,35.8714,128.6014,6275,67
20/03/2020,Incheon,37.4563,126.7052,36,0
20/03/2020,Gwangju,35.1595,126.8526,18,0
20/03/2020,Daejeon,36.3504,127.3845,22,0
20/03/2020,Ulsan,35.5384,129.3114,36,0
20/03/2020,Sejong,36.487,127.2822,41,0
20/03/2020,Gyeonggi-do,37.4138,127.5183,309,3
20/03/2020,Gangwon-do,37.8228,128.1555,30,1
20/03/2020,Chungcheongbuk-do,36.8,127.7,33,0
20/03/2020,Chungcheongnam-do,36.5623,126.9541,119,0
20/03/2020,Jeollabuk-do,35.7175,127.153,10,0
20/03/2020,Jellanam-do,34.8679,126.991,5,0
20/03/2020,Gyeongsangbuk-do,36.4919,128.8889,1203,22
20/03/2020,Gyeongsangnam-do,35.4606,128.2132,87,0
20/03/2020,Jeju-do,33.489,126.4983,4,0
21/03/2020,Seoul,37.5665,126.978,314,0
21/03/2020,Busan,35.1796,129.0756,108,1
21/03/2020,Daegu,35.8714,128.6014,6344,73
21/03/2020,Incheon,37.4563,126.7052,40,0
21/03/2020,Gwangju,35.1595,126.8526,18,0
21/03/2020,Daejeon,36.3504,127.3845,22,0
21/03/2020,Ulsan,35.5384,129.3114,36,0
21/03/2020,Sejong,36.487,127.2822,41,0
21/03/2020,Gyeonggi-do,37.4138,127.5183,321,3
21/03/2020,Gangwon-do,37.8228,128.1555,30,1
21/03/2020,Chungcheongbuk-do,36.8,127.7,34,0
21/03/2020,Chungcheongnam-do,36.5623,126.9541,119,0
21/03/2020,Jeollabuk-do,35.7175,127.153,10,0
21/03/2020,Jellanam-do,34.8679,126.991,5,0
21/03/2020,Gyeongsangbuk-do,36.4919,128.8889,1243,24
21/03/2020,Gyeongsangnam-do,35.4606,128.2132,87,0
21/03/2020,Jeju-do,33.489,126.4983,4,0
22/03/2020,Seoul,37.5665,126.978,324,0
22/03/2020,Busan,35.1796,129.0756,108,1
22/03/2020,Daegu,35.8714,128.6014,6387,75
22/03/2020,Incheon,37.4563,126.7052,40,0
22/03/2020,Gwangju,35.1595,126.8526,19,0
22/03/2020,Daejeon,36.3504,127.3845,24,0
22/03/2020,Ulsan,35.5384,129.3114,36,0
22/03/2020,Sejong,36.487,127.2822,41,0
22/03/2020,Gyeonggi-do,37.4138,127.5183,337,3
22/03/2020,Gangwon-do,37.8228,128.1555,30,1
22/03/2020,Chungcheongbuk-do,36.8,127.7,35,0
22/03/2020,Chungcheongnam-do,36.5623,126.9541,120,0
22/03/2020,Jeollabuk-do,35.7175,127.153,10,0
22/03/2020,Jellanam-do,34.8679,126.991,6,0
22/03/2020,Gyeongsangbuk-do,36.4919,128.8889,1254,24
22/03/2020,Gyeongsangnam-do,35.4606,128.2132,88,0
22/03/2020,Jeju-do,33.489,126.4983,4,0
23/03/2020,Seoul,37.5665,126.978,330,0
23/03/2020,Busan,35.1796,129.0756,109,1
23/03/2020,Daegu,35.8714,128.6014,6411,82
23/03/2020,Incheon,37.4563,126.7052,40,0
23/03/2020,Gwangju,35.1595,126.8526,19,0
23/03/2020,Daejeon,36.3504,127.3845,24,0
23/03/2020,Ulsan,35.5384,129.3114,36,0
23/03/2020,Sejong,36.487,127.2822,42,0
23/03/2020,Gyeonggi-do,37.4138,127.5183,351,3
23/03/2020,Gangwon-do,37.8228,128.1555,30,1
23/03/2020,Chungcheongbuk-do,36.8,127.7,37,0
23/03/2020,Chungcheongnam-do,36.5623,126.9541,120,0
23/03/2020,Jeollabuk-do,35.7175,127.153,10,0
23/03/2020,Jellanam-do,34.8679,126.991,6,0
23/03/2020,Gyeongsangbuk-do,36.4919,128.8889,1256,24
23/03/2020,Gyeongsangnam-do,35.4606,128.2132,89,0
23/03/2020,Jeju-do,33.489,126.4983,4,0
24/03/2020,Seoul,37.5665,126.978,334,0
24/03/2020,Busan,35.1796,129.0756,111,1
24/03/2020,Daegu,35.8714,128.6014,6442,88
24/03/2020,Incheon,37.4563,126.7052,41,0
24/03/2020,Gwangju,35.1595,126.8526,19,0
24/03/2020,Daejeon,36.3504,127.3845,24,0
24/03/2020,Ulsan,35.5384,129.3114,36,0
24/03/2020,Sejong,36.487,127.2822,42,0
24/03/2020,Gyeonggi-do,37.4138,127.5183,366,4
24/03/2020,Gangwon-do,37.8228,128.1555,30,1
24/03/2020,Chungcheongbuk-do,36.8,127.7,38,0
24/03/2020,Chungcheongnam-do,36.5623,126.9541,120,0
24/03/2020,Jeollabuk-do,35.7175,127.153,10,0
24/03/2020,Jellanam-do,34.8679,126.991,6,0
24/03/2020,Gyeongsangbuk-do,36.4919,128.8889,1257,26
24/03/2020,Gyeongsangnam-do,35.4606,128.2132,90,0
24/03/2020,Jeju-do,33.489,126.4983,4,0
25/03/2020,Seoul,37.5665,126.978,347,0
25/03/2020,Busan,35.1796,129.0756,112,1
25/03/2020,Daegu,35.8714,128.6014,6456,92
25/03/2020,Incheon,37.4563,126.7052,42,0
25/03/2020,Gwangju,35.1595,126.8526,19,0
25/03/2020,Daejeon,36.3504,127.3845,24,0
25/03/2020,Ulsan,35.5384,129.3114,37,0
25/03/2020,Sejong,36.487,127.2822,44,0
25/03/2020,Gyeonggi-do,37.4138,127.5183,387,4
25/03/2020,Gangwon-do,37.8228,128.1555,31,1
25/03/2020,Chungcheongbuk-do,36.8,127.7,38,0
25/03/2020,Chungcheongnam-do,36.5623,126.9541,123,0
25/03/2020,Jeollabuk-do,35.7175,127.153,10,0
25/03/2020,Jellanam-do,34.8679,126.991,8,0
25/03/2020,Gyeongsangbuk-do,36.4919,128.8889,1262,28
25/03/2020,Gyeongsangnam-do,35.4606,128.2132,90,0
25/03/2020,Jeju-do,33.489,126.4983,6,0
26/03/2020,Seoul,37.5665,126.978,360,0
26/03/2020,Busan,35.1796,129.0756,112,2
26/03/2020,Daegu,35.8714,128.6014,6482,94
26/03/2020,Incheon,37.4563,126.7052,43,0
26/03/2020,Gwangju,35.1595,126.8526,19,0
26/03/2020,Daejeon,36.3504,127.3845,30,0
26/03/2020,Ulsan,35.5384,129.3114,37,0
26/03/2020,Sejong,36.487,127.2822,44,0
26/03/2020,Gyeonggi-do,37.4138,127.5183,401,4
26/03/2020,Gangwon-do,37.8228,128.1555,31,1
26/03/2020,Chungcheongbuk-do,36.8,127.7,39,0
26/03/2020,Chungcheongnam-do,36.5623,126.9541,124,0
26/03/2020,Jeollabuk-do,35.7175,127.153,10,0
26/03/2020,Jellanam-do,34.8679,126.991,8,0
26/03/2020,Gyeongsangbuk-do,36.4919,128.8889,1274,30
26/03/2020,Gyeongsangnam-do,35.4606,128.2132,90,0
26/03/2020,Jeju-do,33.489,126.4983,6,0
27/03/2020,Seoul,37.5665,126.978,372,0
27/03/2020,Busan,35.1796,129.0756,113,2
27/03/2020,Daegu,35.8714,128.6014,6516,98
27/03/2020,Incheon,37.4563,126.7052,46,0
27/03/2020,Gwangju,35.1595,126.8526,20,0
27/03/2020,Daejeon,36.3504,127.3845,31,0
27/03/2020,Ulsan,35.5384,129.3114,39,0
27/03/2020,Sejong,36.487,127.2822,44,0
27/03/2020,Gyeonggi-do,37.4138,127.5183,412,4
27/03/2020,Gangwon-do,37.8228,128.1555,31,1
27/03/2020,Chungcheongbuk-do,36.8,127.7,41,0
27/03/2020,Chungcheongnam-do,36.5623,126.9541,124,0
27/03/2020,Jeollabuk-do,35.7175,127.153,10,0
27/03/2020,Jellanam-do,34.8679,126.991,8,0
27/03/2020,Gyeongsangbuk-do,36.4919,128.8889,1283,34
27/03/2020,Gyeongsangnam-do,35.4606,128.2132,91,0
27/03/2020,Jeju-do,33.489,126.4983,7,0
28/03/2020,Seoul,37.5665,126.978,390,0
28/03/2020,Busan,35.1796,129.0756,114,2
28/03/2020,Daegu,35.8714,128.6014,6587,101
28/03/2020,Incheon,37.4563,126.7052,51,0
28/03/2020,Gwangju,35.1595,126.8526,20,0
28/03/2020,Daejeon,36.3504,127.3845,31,0
28/03/2020,Ulsan,35.5384,129.3114,39,0
28/03/2020,Sejong,36.487,127.2822,44,0
28/03/2020,Gyeonggi-do,37.4138,127.5183,433,5
28/03/2020,Gangwon-do,37.8228,128.1555,32,1
28/03/2020,Chungcheongbuk-do,36.8,127.7,41,0
28/03/2020,Chungcheongnam-do,36.5623,126.9541,126,0
28/03/2020,Jeollabuk-do,35.7175,127.153,10,0
28/03/2020,Jellanam-do,34.8679,126.991,8,0
28/03/2020,Gyeongsangbuk-do,36.4919,128.8889,1285,35
28/03/2020,Gyeongsangnam-do,35.4606,128.2132,91,0
28/03/2020,Jeju-do,33.489,126.4983,8,0
29/03/2020,Seoul,37.5665,126.978,410,0
29/03/2020,Busan,35.1796,129.0756,117,3
29/03/2020,Daegu,35.8714,128.6014,6610,106
29/03/2020,Incheon,37.4563,126.7052,58,0
29/03/2020,Gwangju,35.1595,126.8526,20,0
29/03/2020,Daejeon,36.3504,127.3845,34,0
29/03/2020,Ulsan,35.5384,129.3114,39,0
29/03/2020,Sejong,36.487,127.2822,46,0
29/03/2020,Gyeonggi-do,37.4138,127.5183,448,5
29/03/2020,Gangwon-do,37.8228,128.1555,34,1
29/03/2020,Chungcheongbuk-do,36.8,127.7,41,0
29/03/2020,Chungcheongnam-do,36.5623,126.9541,127,0
29/03/2020,Jeollabuk-do,35.7175,127.153,12,0
29/03/2020,Jellanam-do,34.8679,126.991,9,0
29/03/2020,Gyeongsangbuk-do,36.4919,128.8889,1287,37
29/03/2020,Gyeongsangnam-do,35.4606,128.2132,94,0
29/03/2020,Jeju-do,33.489,126.4983,8,0
30/03/2020,Seoul,37.5665,126.978,426,0
30/03/2020,Busan,35.1796,129.0756,118,3
30/03/2020,Daegu,35.8714,128.6014,6624,111
30/03/2020,Incheon,37.4563,126.7052,58,0
30/03/2020,Gwangju,35.1595,126.8526,20,0
30/03/2020,Daejeon,36.3504,127.3845,34,0
30/03/2020,Ulsan,35.5384,129.3114,39,0
30/03/2020,Sejong,36.487,127.2822,46,0
30/03/2020,Gyeonggi-do,37.4138,127.5183,463,5
30/03/2020,Gangwon-do,37.8228,128.1555,36,1
30/03/2020,Chungcheongbuk-do,36.8,127.7,44,0
30/03/2020,Chungcheongnam-do,36.5623,126.9541,127,0
30/03/2020,Jeollabuk-do,35.7175,127.153,13,0
30/03/2020,Jellanam-do,34.8679,126.991,9,0
30/03/2020,Gyeongsangbuk-do,36.4919,128.8889,1298,38
30/03/2020,Gyeongsangnam-do,35.4606,128.2132,95,0
30/03/2020,Jeju-do,33.489,126.4983,9,0
31/03/2020,Seoul,37.5665,126.978,450,0
31/03/2020,Busan,35.1796,129.0756,119,3
31/03/2020,Daegu,35.8714,128.6014,6684,114
31/03/2020,Incheon,37.4563,126.7052,64,0
31/03/2020,Gwangju,35.1595,126.8526,20,0
31/03/2020,Daejeon,36.3504,127.3845,36,0
31/03/2020,Ulsan,35.5384,129.3114,39,0
31/03/2020,Sejong,36.487,127.2822,46,0
31/03/2020,Gyeonggi-do,37.4138,127.5183,476,6
31/03/2020,Gangwon-do,37.8228,128.1555,36,1
31/03/2020,Chungcheongbuk-do,36.8,127.7,44,0
31/03/2020,Chungcheongnam-do,36.5623,126.9541,128,0
31/03/2020,Jeollabuk-do,35.7175,127.153,13,0
31/03/2020,Jellanam-do,34.8679,126.991,9,0
31/03/2020,Gyeongsangbuk-do,36.4919,128.8889,1300,38
31/03/2020,Gyeongsangnam-do,35.4606,128.2132,96,0
31/03/2020,Jeju-do,33.489,126.4983,9,0
1/04/2020,Seoul,37.5665,126.978,474,0
1/04/2020,Busan,35.1796,129.0756,122,3
1/04/2020,Daegu,35.8714,128.6014,6704,115
1/04/2020,Incheon,37.4563,126.7052,69,0
1/04/2020,Gwangju,35.1595,126.8526,24,0
1/04/2020,Daejeon,36.3504,127.3845,36,0
1/04/2020,Ulsan,35.5384,129.3114,39,1
1/04/2020,Sejong,36.487,127.2822,46,0
1/04/2020,Gyeonggi-do,37.4138,127.5183,499,6
1/04/2020,Gangwon-do,37.8228,128.1555,38,1
1/04/2020,Chungcheongbuk-do,36.8,127.7,44,0
1/04/2020,Chungcheongnam-do,36.5623,126.9541,131,0
1/04/2020,Jeollabuk-do,35.7175,127.153,14,0
1/04/2020,Jellanam-do,34.8679,126.991,12,0
1/04/2020,Gyeongsangbuk-do,36.4919,128.8889,1302,39
1/04/2020,Gyeongsangnam-do,35.4606,128.2132,100,0
1/04/2020,Jeju-do,33.489,126.4983,9,0
2/04/2020,Seoul,37.5665,126.978,488,0
2/04/2020,Busan,35.1796,129.0756,122,3
2/04/2020,Daegu,35.8714,128.6014,6725,117
2/04/2020,Incheon,37.4563,126.7052,73,0
2/04/2020,Gwangju,35.1595,126.8526,25,0
2/04/2020,Daejeon,36.3504,127.3845,36,0
2/04/2020,Ulsan,35.5384,129.3114,40,1
2/04/2020,Sejong,36.487,127.2822,46,0
2/04/2020,Gyeonggi-do,37.4138,127.5183,516,6
2/04/2020,Gangwon-do,37.8228,128.1555,39,1
2/04/2020,Chungcheongbuk-do,36.8,127.7,44,0
2/04/2020,Chungcheongnam-do,36.5623,126.9541,133,0
2/04/2020,Jeollabuk-do,35.7175,127.153,14,0
2/04/2020,Jellanam-do,34.8679,126.991,14,0
2/04/2020,Gyeongsangbuk-do,36.4919,128.8889,1304,41
2/04/2020,Gyeongsangnam-do,35.4606,128.2132,106,0
2/04/2020,Jeju-do,33.489,126.4983,9,0
3/04/2020,Seoul,37.5665,126.978,506,0
3/04/2020,Busan,35.1796,129.0756,122,3
3/04/2020,Daegu,35.8714,128.6014,6734,121
3/04/2020,Incheon,37.4563,126.7052,74,0
3/04/2020,Gwangju,35.1595,126.8526,26,0
3/04/2020,Daejeon,36.3504,127.3845,36,0
3/04/2020,Ulsan,35.5384,129.3114,40,1
3/04/2020,Sejong,36.487,127.2822,46,0
3/04/2020,Gyeonggi-do,37.4138,127.5183,539,6
3/04/2020,Gangwon-do,37.8228,128.1555,41,1
3/04/2020,Chungcheongbuk-do,36.8,127.7,45,0
3/04/2020,Chungcheongnam-do,36.5623,126.9541,134,0
3/04/2020,Jeollabuk-do,35.7175,127.153,15,0
3/04/2020,Jellanam-do,34.8679,126.991,15,0
3/04/2020,Gyeongsangbuk-do,36.4919,128.8889,1309,42
3/04/2020,Gyeongsangnam-do,35.4606,128.2132,107,0
3/04/2020,Jeju-do,33.489,126.4983,9,0
4/04/2020,Seoul,37.5665,126.978,528,0
4/04/2020,Busan,35.1796,129.0756,122,3
4/04/2020,Daegu,35.8714,128.6014,6761,122
4/04/2020,Incheon,37.4563,126.7052,77,0
4/04/2020,Gwangju,35.1595,126.8526,26,0
4/04/2020,Daejeon,36.3504,127.3845,36,0
4/04/2020,Ulsan,35.5384,129.3114,40,1
4/04/2020,Sejong,36.487,127.2822,46,0
4/04/2020,Gyeonggi-do,37.4138,127.5183,562,6
4/04/2020,Gangwon-do,37.8228,128.1555,42,1
4/04/2020,Chungcheongbuk-do,36.8,127.7,45,0
4/04/2020,Chungcheongnam-do,36.5623,126.9541,135,0
4/04/2020,Jeollabuk-do,35.7175,127.153,15,0
4/04/2020,Jellanam-do,34.8679,126.991,15,0
4/04/2020,Gyeongsangbuk-do,36.4919,128.8889,1310,44
4/04/2020,Gyeongsangnam-do,35.4606,128.2132,108,0
4/04/2020,Jeju-do,33.489,126.4983,9,0
5/04/2020,Seoul,37.5665,126.978,552,0
5/04/2020,Busan,35.1796,129.0756,122,3
5/04/2020,Daegu,35.8714,128.6014,6768,127
5/04/2020,Incheon,37.4563,126.7052,79,0
5/04/2020,Gwangju,35.1595,126.8526,27,0
5/04/2020,Daejeon,36.3504,127.3845,37,0
5/04/2020,Ulsan,35.5384,129.3114,40,1
5/04/2020,Sejong,36.487,127.2822,46,0
5/04/2020,Gyeonggi-do,37.4138,127.5183,572,7
5/04/2020,Gangwon-do,37.8228,128.1555,45,1
5/04/2020,Chungcheongbuk-do,36.8,127.7,45,0
5/04/2020,Chungcheongnam-do,36.5623,126.9541,135,0
5/04/2020,Jeollabuk-do,35.7175,127.153,16,0
5/04/2020,Jellanam-do,34.8679,126.991,15,0
5/04/2020,Gyeongsangbuk-do,36.4919,128.8889,1314,44
5/04/2020,Gyeongsangnam-do,35.4606,128.2132,109,0
5/04/2020,Jeju-do,33.489,126.4983,12,0
6/04/2020,Seoul,37.5665,126.978,563,0
6/04/2020,Busan,35.1796,129.0756,122,3
6/04/2020,Daegu,35.8714,128.6014,6781,129
6/04/2020,Incheon,37.4563,126.7052,80,0
6/04/2020,Gwangju,35.1595,126.8526,27,0
6/04/2020,Daejeon,36.3504,127.3845,39,0
6/04/2020,Ulsan,35.5384,129.3114,40,1
6/04/2020,Sejong,36.487,127.2822,46,0
6/04/2020,Gyeonggi-do,37.4138,127.5183,580,7
6/04/2020,Gangwon-do,37.8228,128.1555,45,1
6/04/2020,Chungcheongbuk-do,36.8,127.7,45,0
6/04/2020,Chungcheongnam-do,36.5623,126.9541,136,0
6/04/2020,Jeollabuk-do,35.7175,127.153,16,0
6/04/2020,Jellanam-do,34.8679,126.991,15,0
6/04/2020,Gyeongsangbuk-do,36.4919,128.8889,1316,45
6/04/2020,Gyeongsangnam-do,35.4606,128.2132,111,0
6/04/2020,Jeju-do,33.489,126.4983,12,0
7/04/2020,Seoul,37.5665,126.978,567,0
7/04/2020,Busan,35.1796,129.0756,123,3
7/04/2020,Daegu,35.8714,128.6014,6794,134
7/04/2020,Incheon,37.4563,126.7052,80,0
7/04/2020,Gwangju,35.1595,126.8526,27,0
7/04/2020,Daejeon,36.3504,127.3845,39,0
7/04/2020,Ulsan,35.5384,129.3114,40,1
7/04/2020,Sejong,36.487,127.2822,46,0
7/04/2020,Gyeonggi-do,37.4138,127.5183,590,7
7/04/2020,Gangwon-do,37.8228,128.1555,47,1
7/04/2020,Chungcheongbuk-do,36.8,127.7,45,0
7/04/2020,Chungcheongnam-do,36.5623,126.9541,137,0
7/04/2020,Jeollabuk-do,35.7175,127.153,16,0
7/04/2020,Jellanam-do,34.8679,126.991,15,0
7/04/2020,Gyeongsangbuk-do,36.4919,128.8889,1317,46
7/04/2020,Gyeongsangnam-do,35.4606,128.2132,112,0
7/04/2020,Jeju-do,33.489,126.4983,12,0
8/04/2020,Seoul,37.5665,126.978,578,2
8/04/2020,Busan,35.1796,129.0756,125,3
8/04/2020,Daegu,35.8714,128.6014,6803,137
8/04/2020,Incheon,37.4563,126.7052,84,0
8/04/2020,Gwangju,35.1595,126.8526,27,0
8/04/2020,Daejeon,36.3504,127.3845,39,0
8/04/2020,Ulsan,35.5384,129.3114,40,1
8/04/2020,Sejong,36.487,127.2822,46,0
8/04/2020,Gyeonggi-do,37.4138,127.5183,596,10
8/04/2020,Gangwon-do,37.8228,128.1555,49,1
8/04/2020,Chungcheongbuk-do,36.8,127.7,45,0
8/04/2020,Chungcheongnam-do,36.5623,126.9541,137,0
8/04/2020,Jeollabuk-do,35.7175,127.153,17,0
8/04/2020,Jellanam-do,34.8679,126.991,15,0
8/04/2020,Gyeongsangbuk-do,36.4919,128.8889,1320,46
8/04/2020,Gyeongsangnam-do,35.4606,128.2132,113,0
8/04/2020,Jeju-do,33.489,126.4983,12,0
9/04/2020,Seoul,37.5665,126.978,590,2
9/04/2020,Busan,35.1796,129.0756,125,3
9/04/2020,Daegu,35.8714,128.6014,6807,139
9/04/2020,Incheon,37.4563,126.7052,84,0
9/04/2020,Gwangju,35.1595,126.8526,27,0
9/04/2020,Daejeon,36.3504,127.3845,39,0
9/04/2020,Ulsan,35.5384,129.3114,40,1
9/04/2020,Sejong,36.487,127.2822,46,0
9/04/2020,Gyeonggi-do,37.4138,127.5183,606,11
9/04/2020,Gangwon-do,37.8228,128.1555,49,1
9/04/2020,Chungcheongbuk-do,36.8,127.7,45,0
9/04/2020,Chungcheongnam-do,36.5623,126.9541,138,0
9/04/2020,Jeollabuk-do,35.7175,127.153,17,0
9/04/2020,Jellanam-do,34.8679,126.991,15,0
9/04/2020,Gyeongsangbuk-do,36.4919,128.8889,1320,47
9/04/2020,Gyeongsangnam-do,35.4606,128.2132,115,0
9/04/2020,Jeju-do,33.489,126.4983,12,0
10/04/2020,Seoul,37.5665,126.978,595,2
10/04/2020,Busan,35.1796,129.0756,126,3
10/04/2020,Daegu,35.8714,128.6014,6807,142
10/04/2020,Incheon,37.4563,126.7052,85,0
10/04/2020,Gwangju,35.1595,126.8526,27,0
10/04/2020,Daejeon,36.3504,127.3845,39,0
10/04/2020,Ulsan,35.5384,129.3114,40,1
10/04/2020,Sejong,36.487,127.2822,46,0
10/04/2020,Gyeonggi-do,37.4138,127.5183,615,11
10/04/2020,Gangwon-do,37.8228,128.1555,49,1
10/04/2020,Chungcheongbuk-do,36.8,127.7,45,0
10/04/2020,Chungcheongnam-do,36.5623,126.9541,138,0
10/04/2020,Jeollabuk-do,35.7175,127.153,17,0
10/04/2020,Jellanam-do,34.8679,126.991,15,0
10/04/2020,Gyeongsangbuk-do,36.4919,128.8889,1327,48
10/04/2020,Gyeongsangnam-do,35.4606,128.2132,115,0
10/04/2020,Jeju-do,33.489,126.4983,12,0
11/04/2020,Seoul,37.5665,126.978,599,2
11/04/2020,Busan,35.1796,129.0756,126,3
11/04/2020,Daegu,35.8714,128.6014,6814,145
11/04/2020,Incheon,37.4563,126.7052,85,0
11/04/2020,Gwangju,35.1595,126.8526,27,0
11/04/2020,Daejeon,36.3504,127.3845,39,0
11/04/2020,Ulsan,35.5384,129.3114,41,1
11/04/2020,Sejong,36.487,127.2822,46,0
11/04/2020,Gyeonggi-do,37.4138,127.5183,624,11
11/04/2020,Gangwon-do,37.8228,128.1555,49,1
11/04/2020,Chungcheongbuk-do,36.8,127.7,45,0
11/04/2020,Chungcheongnam-do,36.5623,126.9541,138,0
11/04/2020,Jeollabuk-do,35.7175,127.153,17,0
11/04/2020,Jellanam-do,34.8679,126.991,15,0
11/04/2020,Gyeongsangbuk-do,36.4919,128.8889,1330,48
11/04/2020,Gyeongsangnam-do,35.4606,128.2132,115,0
11/04/2020,Jeju-do,33.489,126.4983,12,0
12/04/2020,Seoul,37.5665,126.978,602,2
12/04/2020,Busan,35.1796,129.0756,126,3
12/04/2020,Daegu,35.8714,128.6014,6816,146
12/04/2020,Incheon,37.4563,126.7052,86,0
12/04/2020,Gwangju,35.1595,126.8526,27,0
12/04/2020,Daejeon,36.3504,127.3845,39,0
12/04/2020,Ulsan,35.5384,129.3114,41,1
12/04/2020,Sejong,36.487,127.2822,46,0
12/04/2020,Gyeonggi-do,37.4138,127.5183,628,12
12/04/2020,Gangwon-do,37.8228,128.1555,49,1
12/04/2020,Chungcheongbuk-do,36.8,127.7,45,0
12/04/2020,Chungcheongnam-do,36.5623,126.9541,139,0
12/04/2020,Jeollabuk-do,35.7175,127.153,17,0
12/04/2020,Jellanam-do,34.8679,126.991,15,0
12/04/2020,Gyeongsangbuk-do,36.4919,128.8889,1333,49
12/04/2020,Gyeongsangnam-do,35.4606,128.2132,115,0
12/04/2020,Jeju-do,33.489,126.4983,12,0
13/04/2020,Seoul,37.5665,126.978,610,2
13/04/2020,Busan,35.1796,129.0756,126,3
13/04/2020,Daegu,35.8714,128.6014,6819,147
13/04/2020,Incheon,37.4563,126.7052,87,0
13/04/2020,Gwangju,35.1595,126.8526,27,0
13/04/2020,Daejeon,36.3504,127.3845,39,0
13/04/2020,Ulsan,35.5384,129.3114,41,1
13/04/2020,Sejong,36.487,127.2822,46,0
13/04/2020,Gyeonggi-do,37.4138,127.5183,631,13
13/04/2020,Gangwon-do,37.8228,128.1555,49,1
13/04/2020,Chungcheongbuk-do,36.8,127.7,45,0
13/04/2020,Chungcheongnam-do,36.5623,126.9541,139,0
13/04/2020,Jeollabuk-do,35.7175,127.153,17,0
13/04/2020,Jellanam-do,34.8679,126.991,15,0
13/04/2020,Gyeongsangbuk-do,36.4919,128.8889,1337,50
13/04/2020,Gyeongsangnam-do,35.4606,128.2132,115,0
13/04/2020,Jeju-do,33.489,126.4983,12,0
14/04/2020,Seoul,37.5665,126.978,612,2
14/04/2020,Busan,35.1796,129.0756,126,3
14/04/2020,Daegu,35.8714,128.6014,6822,152
14/04/2020,Incheon,37.4563,126.7052,88,0
14/04/2020,Gwangju,35.1595,126.8526,27,0
14/04/2020,Daejeon,36.3504,127.3845,39,0
14/04/2020,Ulsan,35.5384,129.3114,42,1
14/04/2020,Sejong,36.487,127.2822,46,0
14/04/2020,Gyeonggi-do,37.4138,127.5183,639,13
14/04/2020,Gangwon-do,37.8228,128.1555,49,1
14/04/2020,Chungcheongbuk-do,36.8,127.7,45,0
14/04/2020,Chungcheongnam-do,36.5623,126.9541,139,0
14/04/2020,Jeollabuk-do,35.7175,127.153,17,0
14/04/2020,Jellanam-do,34.8679,126.991,15,0
14/04/2020,Gyeongsangbuk-do,36.4919,128.8889,1342,50
14/04/2020,Gyeongsangnam-do,35.4606,128.2132,115,0
14/04/2020,Jeju-do,33.489,126.4983,12,0
15/04/2020,Seoul,37.5665,126.978,617,2
15/04/2020,Busan,35.1796,129.0756,127,3
15/04/2020,Daegu,35.8714,128.6014,6823,155
15/04/2020,Incheon,37.4563,126.7052,88,0
15/04/2020,Gwangju,35.1595,126.8526,28,0
15/04/2020,Daejeon,36.3504,127.3845,39,0
15/04/2020,Ulsan,35.5384,129.3114,42,1
15/04/2020,Sejong,36.487,127.2822,46,0
15/04/2020,Gyeonggi-do,37.4138,127.5183,645,13
15/04/2020,Gangwon-do,37.8228,128.1555,51,1
15/04/2020,Chungcheongbuk-do,36.8,127.7,45,0
15/04/2020,Chungcheongnam-do,36.5623,126.9541,139,0
15/04/2020,Jeollabuk-do,35.7175,127.153,17,0
15/04/2020,Jellanam-do,34.8679,126.991,15,0
15/04/2020,Gyeongsangbuk-do,36.4919,128.8889,1348,50
15/04/2020,Gyeongsangnam-do,35.4606,128.2132,115,0
15/04/2020,Jeju-do,33.489,126.4983,13,0
16/04/2020,Seoul,37.5665,126.978,619,2
16/04/2020,Busan,35.1796,129.0756,130,3
16/04/2020,Daegu,35.8714,128.6014,6827,158
16/04/2020,Incheon,37.4563,126.7052,88,0
16/04/2020,Gwangju,35.1595,126.8526,28,0
16/04/2020,Daejeon,36.3504,127.3845,39,0
16/04/2020,Ulsan,35.5384,129.3114,42,1
16/04/2020,Sejong,36.487,127.2822,46,0
16/04/2020,Gyeonggi-do,37.4138,127.5183,649,14
16/04/2020,Gangwon-do,37.8228,128.1555,52,1
16/04/2020,Chungcheongbuk-do,36.8,127.7,45,0
16/04/2020,Chungcheongnam-do,36.5623,126.9541,139,0
16/04/2020,Jeollabuk-do,35.7175,127.153,17,0
16/04/2020,Jellanam-do,34.8679,126.991,15,0
16/04/2020,Gyeongsangbuk-do,36.4919,128.8889,1352,50
16/04/2020,Gyeongsangnam-do,35.4606,128.2132,115,0
16/04/2020,Jeju-do,33.489,126.4983,13,0
17/04/2020,Seoul,37.5665,126.978,621,2
17/04/2020,Busan,35.1796,129.0756,130,3
17/04/2020,Daegu,35.8714,128.6014,6827,159
17/04/2020,Incheon,37.4563,126.7052,89,0
17/04/2020,Gwangju,35.1595,126.8526,30,0
17/04/2020,Daejeon,36.3504,127.3845,40,0
17/04/2020,Ulsan,35.5384,129.3114,42,1
17/04/2020,Sejong,36.487,127.2822,46,0
17/04/2020,Gyeonggi-do,37.4138,127.5183,650,14
17/04/2020,Gangwon-do,37.8228,128.1555,52,1
17/04/2020,Chungcheongbuk-do,36.8,127.7,45,0
17/04/2020,Chungcheongnam-do,36.5623,126.9541,139,0
17/04/2020,Jeollabuk-do,35.7175,127.153,17,0
17/04/2020,Jellanam-do,34.8679,126.991,15,0
17/04/2020,Gyeongsangbuk-do,36.4919,128.8889,1356,50
17/04/2020,Gyeongsangnam-do,35.4606,128.2132,115,0
17/04/2020,Jeju-do,33.489,126.4983,13,0
18/04/2020,Seoul,37.5665,126.978,622,2
18/04/2020,Busan,35.1796,129.0756,130,3
18/04/2020,Daegu,35.8714,128.6014,6830,160
18/04/2020,Incheon,37.4563,126.7052,90,0
18/04/2020,Gwangju,35.1595,126.8526,30,0
18/04/2020,Daejeon,36.3504,127.3845,39,0
18/04/2020,Ulsan,35.5384,129.3114,42,1
18/04/2020,Sejong,36.487,127.2822,46,0
18/04/2020,Gyeonggi-do,37.4138,127.5183,654,14
18/04/2020,Gangwon-do,37.8228,128.1555,53,1
18/04/2020,Chungcheongbuk-do,36.8,127.7,45,0
18/04/2020,Chungcheongnam-do,36.5623,126.9541,141,0
18/04/2020,Jeollabuk-do,35.7175,127.153,17,0
18/04/2020,Jellanam-do,34.8679,126.991,15,0
18/04/2020,Gyeongsangbuk-do,36.4919,128.8889,1358,51
18/04/2020,Gyeongsangnam-do,35.4606,128.2132,116,0
18/04/2020,Jeju-do,33.489,126.4983,13,0
19/04/2020,Seoul,37.5665,126.978,624,2
19/04/2020,Busan,35.1796,129.0756,130,3
19/04/2020,Daegu,35.8714,128.6014,6832,161
19/04/2020,Incheon,37.4563,126.7052,91,0
19/04/2020,Gwangju,35.1595,126.8526,30,0
19/04/2020,Daejeon,36.3504,127.3845,39,0
19/04/2020,Ulsan,35.5384,129.3114,42,1
19/04/2020,Sejong,36.487,127.2822,46,0
19/04/2020,Gyeonggi-do,37.4138,127.5183,654,14
19/04/2020,Gangwon-do,37.8228,128.1555,53,2
19/04/2020,Chungcheongbuk-do,36.8,127.7,45,0
19/04/2020,Chungcheongnam-do,36.5623,126.9541,141,0
19/04/2020,Jeollabuk-do,35.7175,127.153,17,0
19/04/2020,Jellanam-do,34.8679,126.991,15,0
19/04/2020,Gyeongsangbuk-do,36.4919,128.8889,1359,51
19/04/2020,Gyeongsangnam-do,35.4606,128.2132,116,0
19/04/2020,Jeju-do,33.489,126.4983,13,0
20/04/2020,Seoul,37.5665,126.978,624,2
20/04/2020,Busan,35.1796,129.0756,132,3
20/04/2020,Daegu,35.8714,128.6014,6833,163
20/04/2020,Incheon,37.4563,126.7052,92,0
20/04/2020,Gwangju,35.1595,126.8526,30,0
20/04/2020,Daejeon,36.3504,127.3845,39,0
20/04/2020,Ulsan,35.5384,129.3114,43,1
20/04/2020,Sejong,36.487,127.2822,46,0
20/04/2020,Gyeonggi-do,37.4138,127.5183,656,14
20/04/2020,Gangwon-do,37.8228,128.1555,53,2
20/04/2020,Chungcheongbuk-do,36.8,127.7,45,0
20/04/2020,Chungcheongnam-do,36.5623,126.9541,141,0
20/04/2020,Jeollabuk-do,35.7175,127.153,17,0
20/04/2020,Jellanam-do,34.8679,126.991,15,0
20/04/2020,Gyeongsangbuk-do,36.4919,128.8889,1361,51
20/04/2020,Gyeongsangnam-do,35.4606,128.2132,116,0
20/04/2020,Jeju-do,33.489,126.4983,13,0
